timeOpen;timeClose;timeHigh;timeLow;name;open;high;low;close;volume;marketCap;timestamp
"2025-02-20T00:00:00.000Z";"2025-02-20T23:59:59.999Z";"2025-02-20T14:38:00.000Z";"2025-02-20T00:39:00.000Z";"2790";162.1795570549;168.9097238397;161.0710579297;167.6321698299;3211889224.449991;82539022017.72902;"2025-02-20T23:59:59.999Z"
"2025-02-19T00:00:00.000Z";"2025-02-19T23:59:59.999Z";"2025-02-19T11:58:00.000Z";"2025-02-19T05:01:00.000Z";"2790";161.8421567172;167.0568377481;156.875039627;162.1802330219;3558423399.0753517;79022534491.26738;"2025-02-19T23:59:59.999Z"
"2025-02-18T00:00:00.000Z";"2025-02-18T23:59:59.999Z";"2025-02-18T03:11:00.000Z";"2025-02-18T17:35:00.000Z";"2790";169.4822467319;170.940021828;154.397863147;161.8293971487;6376092375.7210865;78783831764.11314;"2025-02-18T23:59:59.999Z"
"2025-02-17T00:00:00.000Z";"2025-02-17T23:59:59.999Z";"2025-02-17T01:57:00.000Z";"2025-02-17T19:05:00.000Z";"2790";179.6859685602;180.4230694935;167.2024842674;169.4623496585;4142408302.448192;82729857239.75229;"2025-02-17T23:59:59.999Z"
"2025-02-16T00:00:00.000Z";"2025-02-16T23:59:59.999Z";"2025-02-16T06:32:00.000Z";"2025-02-16T21:19:00.000Z";"2790";185.3702913285;186.8850131411;178.3243886303;179.6874847178;2059572202.9715142;87740074937.69414;"2025-02-16T23:59:59.999Z"
"2025-02-15T00:00:00.000Z";"2025-02-15T23:59:59.999Z";"2025-02-15T02:13:00.000Z";"2025-02-15T20:55:00.000Z";"2790";190.4576974838;190.5906645734;183.7810304716;185.3711888678;1781046643.5594537;90481691429.0335;"2025-02-15T23:59:59.999Z"
"2025-02-14T00:00:00.000Z";"2025-02-14T23:59:59.999Z";"2025-02-14T18:15:00.000Z";"2025-02-14T00:01:00.000Z";"2790";185.897591069;195.2892738102;185.8015058086;190.4785134698;3568092907.5612564;93307450309.50783;"2025-02-14T23:59:59.999Z"
"2025-02-13T00:00:00.000Z";"2025-02-13T23:59:59.999Z";"2025-02-13T04:01:00.000Z";"2025-02-13T14:20:00.000Z";"2790";189.3792459942;190.3093117462;182.3488120744;185.8943583145;2651861876.848767;91359682829.5677;"2025-02-13T23:59:59.999Z"
"2025-02-12T00:00:00.000Z";"2025-02-12T23:59:59.999Z";"2025-02-12T13:28:00.000Z";"2025-02-12T16:28:00.000Z";"2790";191.0008543502;191.4856152662;183.1367204449;189.4028588512;4139496530.853203;92672315706.9245;"2025-02-12T23:59:59.999Z"
"2025-02-11T00:00:00.000Z";"2025-02-11T23:59:59.999Z";"2025-02-11T06:55:00.000Z";"2025-02-11T19:49:00.000Z";"2790";194.4771791071;199.7886761125;188.4983376053;191.0094215245;3792899461.454204;93793161731.41011;"2025-02-11T23:59:59.999Z"
"2025-02-10T00:00:00.000Z";"2025-02-10T23:59:59.999Z";"2025-02-10T14:02:00.000Z";"2025-02-10T02:17:00.000Z";"2790";194.407105165;202.2588239849;190.5461018323;194.5159735255;3981624969.755104;94786458974.97885;"2025-02-10T23:59:59.999Z"
"2025-02-09T00:00:00.000Z";"2025-02-09T23:59:59.999Z";"2025-02-09T05:50:00.000Z";"2025-02-09T21:55:00.000Z";"2790";193.2512207558;200.6920137661;188.9027841584;194.4437412457;3273503201.3000636;94698148330.17296;"2025-02-09T23:59:59.999Z"
"2025-02-08T00:00:00.000Z";"2025-02-08T23:59:59.999Z";"2025-02-08T23:44:00.000Z";"2025-02-08T07:20:00.000Z";"2790";186.0355310707;194.4539515769;184.0283041641;193.2610111018;2310919053.2594924;94239653660.64488;"2025-02-08T23:59:59.999Z"
"2025-02-07T00:00:00.000Z";"2025-02-07T23:59:59.999Z";"2025-02-07T15:00:00.000Z";"2025-02-07T22:07:00.000Z";"2790";182.7116281187;195.6142517398;182.4993088454;186.0375696148;4423229126.410932;90259705426.97835;"2025-02-07T23:59:59.999Z"
"2025-02-06T00:00:00.000Z";"2025-02-06T23:59:59.999Z";"2025-02-06T06:58:00.000Z";"2025-02-06T23:44:00.000Z";"2790";188.4452288927;196.2811753985;181.1896694763;182.7493984377;3785074876.024116;88883182623.7564;"2025-02-06T23:59:59.999Z"
"2025-02-05T00:00:00.000Z";"2025-02-05T23:59:59.999Z";"2025-02-05T01:07:00.000Z";"2025-02-05T23:34:00.000Z";"2790";199.6163148964;201.6788262031;187.8182217588;188.4047751868;3688633524.659098;92014929571.32246;"2025-02-05T23:59:59.999Z"
"2025-02-04T00:00:00.000Z";"2025-02-04T23:59:59.999Z";"2025-02-04T02:25:00.000Z";"2025-02-04T22:10:00.000Z";"2790";209.2741171599;213.2087827357;195.4716382876;199.5770286772;7095486910.015877;97649573786.72803;"2025-02-04T23:59:59.999Z"
"2025-02-03T00:00:00.000Z";"2025-02-03T23:59:59.999Z";"2025-02-03T22:31:00.000Z";"2025-02-03T02:10:00.000Z";"2790";198.1738749238;211.407615219;176.3623623143;209.2384168117;14889117212.114681;102692536667.32077;"2025-02-03T23:59:59.999Z"
"2025-02-02T00:00:00.000Z";"2025-02-02T23:59:59.999Z";"2025-02-02T01:11:00.000Z";"2025-02-02T22:43:00.000Z";"2790";206.2926220641;210.7348142202;190.717018964;198.1858561285;8137216595.408883;95450704909.55762;"2025-02-02T23:59:59.999Z"
"2025-02-01T00:00:00.000Z";"2025-02-01T23:59:59.999Z";"2025-02-01T01:43:00.000Z";"2025-02-01T23:28:00.000Z";"2790";223.5588950077;225.704560982;205.9601509183;206.2965590744;3422622229.072649;100450888239.60521;"2025-02-01T23:59:59.999Z"
"2025-01-31T00:00:00.000Z";"2025-01-31T23:59:59.999Z";"2025-01-31T13:07:00.000Z";"2025-01-31T21:36:00.000Z";"2790";229.9507938287;232.7539371397;220.3961747221;223.5562962722;3889856869.649039;108491764901.8741;"2025-01-31T23:59:59.999Z"
"2025-01-30T00:00:00.000Z";"2025-01-30T23:59:59.999Z";"2025-01-30T15:16:00.000Z";"2025-01-30T00:15:00.000Z";"2790";218.6678426779;234.1339050884;217.8047641401;229.9087099033;4447706009.704069;111600908249.73912;"2025-01-30T23:59:59.999Z"
"2025-01-29T00:00:00.000Z";"2025-01-29T23:59:59.999Z";"2025-01-29T20:35:00.000Z";"2025-01-29T19:31:00.000Z";"2790";217.8577140221;228.2356022942;214.2631524983;218.6196971115;5164121987.007302;106393569374.66934;"2025-01-29T23:59:59.999Z"
"2025-01-28T00:00:00.000Z";"2025-01-28T23:59:59.999Z";"2025-01-28T05:52:00.000Z";"2025-01-28T23:37:00.000Z";"2790";225.0656694031;233.6726563883;215.9879430613;217.8790595501;4887981530.996081;105864167349.50372;"2025-01-28T23:59:59.999Z"
"2025-01-27T00:00:00.000Z";"2025-01-27T23:59:59.999Z";"2025-01-27T00:10:00.000Z";"2025-01-27T10:53:00.000Z";"2790";230.1264325761;231.6186239181;211.3060810919;225.1496040135;10257089384.801626;109305322417.14488;"2025-01-27T23:59:59.999Z"
"2025-01-26T00:00:00.000Z";"2025-01-26T23:59:59.999Z";"2025-01-26T04:38:00.000Z";"2025-01-26T23:59:00.000Z";"2790";243.821782426;247.2473251443;230.0699484702;230.0995851703;3978319930.3998327;111605012873.6387;"2025-01-26T23:59:59.999Z"
"2025-01-25T00:00:00.000Z";"2025-01-25T23:59:59.999Z";"2025-01-25T18:39:00.000Z";"2025-01-25T10:31:00.000Z";"2790";241.2209450195;248.1146548208;234.8352620394;243.8214819462;4794041841.463586;118639164576.69286;"2025-01-25T23:59:59.999Z"
"2025-01-24T00:00:00.000Z";"2025-01-24T23:59:59.999Z";"2025-01-24T14:46:00.000Z";"2025-01-24T02:51:00.000Z";"2790";243.3524821592;257.5965257709;237.1747426793;241.2160951553;7184767516.351738;118357251375.7284;"2025-01-24T23:59:59.999Z"
"2025-01-23T00:00:00.000Z";"2025-01-23T23:59:59.999Z";"2025-01-23T00:08:00.000Z";"2025-01-23T13:22:00.000Z";"2790";247.151285848;247.9926645087;233.1966985129;243.3583116289;8901313091.237392;118483118625.05206;"2025-01-23T23:59:59.999Z"
"2025-01-22T00:00:00.000Z";"2025-01-22T23:59:59.999Z";"2025-01-22T20:39:00.000Z";"2025-01-22T00:10:00.000Z";"2790";240.6228584713;260.5699908604;238.9383488411;247.1768029101;8533600905.340249;120250011247.45117;"2025-01-22T23:59:59.999Z"
"2025-01-21T00:00:00.000Z";"2025-01-21T23:59:59.999Z";"2025-01-21T18:58:00.000Z";"2025-01-21T06:03:00.000Z";"2790";232.4356370926;249.0433063979;223.1771258555;240.5154309566;10262091183.157902;116927308673.08546;"2025-01-21T23:59:59.999Z"
"2025-01-20T00:00:00.000Z";"2025-01-20T23:59:59.999Z";"2025-01-20T09:11:00.000Z";"2025-01-20T03:03:00.000Z";"2790";243.8969400446;263.9269346119;225.1140454626;232.4226273388;22081624173.846706;114698638184.77605;"2025-01-20T23:59:59.999Z"
"2025-01-19T00:00:00.000Z";"2025-01-19T23:59:59.999Z";"2025-01-19T11:16:00.000Z";"2025-01-19T23:34:00.000Z";"2790";254.9877991025;286.5968829077;233.3473927296;243.8741524537;32300838662.07639;118751040351.2956;"2025-01-19T23:59:59.999Z"
"2025-01-18T00:00:00.000Z";"2025-01-18T23:59:59.999Z";"2025-01-18T16:10:00.000Z";"2025-01-18T02:32:00.000Z";"2790";213.1721893762;261.3383260063;211.1866090231;254.9851944025;22506143424.086056;123677978718.46378;"2025-01-18T23:59:59.999Z"
"2025-01-17T00:00:00.000Z";"2025-01-17T23:59:59.999Z";"2025-01-17T13:47:00.000Z";"2025-01-17T00:34:00.000Z";"2790";205.0438487686;215.5489239643;203.8391974152;213.1730752768;4968373611.040376;103737021847.30977;"2025-01-17T23:59:59.999Z"
"2025-01-16T00:00:00.000Z";"2025-01-16T23:59:59.999Z";"2025-01-16T12:49:00.000Z";"2025-01-16T09:08:00.000Z";"2790";200.0241589178;210.5483431335;192.9634832253;205.0557723662;5924440414.460777;99818859777.82536;"2025-01-16T23:59:59.999Z"
"2025-01-15T00:00:00.000Z";"2025-01-15T23:59:59.999Z";"2025-01-15T23:59:00.000Z";"2025-01-15T11:35:00.000Z";"2790";181.9503037501;200.0452175651;180.4225258489;200.0222743345;3951010456.5167656;96818299388.08292;"2025-01-15T23:59:59.999Z"
"2025-01-14T00:00:00.000Z";"2025-01-14T23:59:59.999Z";"2025-01-14T14:42:00.000Z";"2025-01-14T00:19:00.000Z";"2790";178.1323629441;184.9453787012;177.3924710774;181.9685101675;2677651311.3323636;88489223604.54001;"2025-01-14T23:59:59.999Z"
"2025-01-13T00:00:00.000Z";"2025-01-13T23:59:59.999Z";"2025-01-13T00:37:00.000Z";"2025-01-13T14:37:00.000Z";"2790";184.0762330431;187.2717171028;167.1119767678;178.025146196;5101479508.879838;86464699521.24696;"2025-01-13T23:59:59.999Z"
"2025-01-12T00:00:00.000Z";"2025-01-12T23:59:59.999Z";"2025-01-12T15:55:00.000Z";"2025-01-12T09:40:00.000Z";"2790";183.3296648452;186.0151642565;180.6546899359;184.0607635539;1505765563.739549;89030817283.01558;"2025-01-12T23:59:59.999Z"
"2025-01-11T00:00:00.000Z";"2025-01-11T23:59:59.999Z";"2025-01-11T21:52:00.000Z";"2025-01-11T10:43:00.000Z";"2790";182.8802116325;186.9607305308;179.7040316852;183.3298449057;2119914095.3953123;88753366441.9014;"2025-01-11T23:59:59.999Z"
"2025-01-10T00:00:00.000Z";"2025-01-10T23:59:59.999Z";"2025-01-10T11:07:00.000Z";"2025-01-10T15:16:00.000Z";"2790";179.6681060147;187.1002698011;179.4565295225;182.8880096372;3630993982.320809;88113811098.28143;"2025-01-10T23:59:59.999Z"
"2025-01-09T00:00:00.000Z";"2025-01-09T23:59:59.999Z";"2025-01-09T01:30:00.000Z";"2025-01-09T20:40:00.000Z";"2790";191.5259993685;192.7919547108;176.9753606156;179.6793453066;3699141462.3947787;86765556499.62152;"2025-01-09T23:59:59.999Z"
"2025-01-08T00:00:00.000Z";"2025-01-08T23:59:59.999Z";"2025-01-08T00:40:00.000Z";"2025-01-08T17:38:00.000Z";"2790";195.5499061553;196.2657170289;183.400823146;191.4795729899;4862247604.197423;92393833660.15794;"2025-01-08T23:59:59.999Z"
"2025-01-07T00:00:00.000Z";"2025-01-07T23:59:59.999Z";"2025-01-07T00:37:00.000Z";"2025-01-07T22:04:00.000Z";"2790";210.3475967852;211.1714435766;195.4655060861;195.4992172254;4199945922.817758;94197987884.81686;"2025-01-07T23:59:59.999Z"
"2025-01-06T00:00:00.000Z";"2025-01-06T23:59:59.999Z";"2025-01-06T16:14:00.000Z";"2025-01-06T01:22:00.000Z";"2790";207.0817568048;214.4979265389;205.3545441149;210.6489688079;3307211613.5390353;102515361676.10988;"2025-01-06T23:59:59.999Z"
"2025-01-05T00:00:00.000Z";"2025-01-05T23:59:59.999Z";"2025-01-05T04:30:00.000Z";"2025-01-05T18:18:00.000Z";"2790";210.0788019291;212.2663107426;205.6433050985;207.0216954293;2331149952.8788586;99955878331.136;"2025-01-05T23:59:59.999Z"
"2025-01-04T00:00:00.000Z";"2025-01-04T23:59:59.999Z";"2025-01-04T02:55:00.000Z";"2025-01-04T15:44:00.000Z";"2790";211.1213324858;211.3018693658;207.375378692;210.0789666221;2358200773.8127046;101449448872.58037;"2025-01-04T23:59:59.999Z"
"2025-01-03T00:00:00.000Z";"2025-01-03T23:59:59.999Z";"2025-01-03T16:41:00.000Z";"2025-01-03T01:40:00.000Z";"2790";202.3423860324;213.181765901;200.2564908817;211.1489354998;3958290694.956056;102407465091.7868;"2025-01-03T23:59:59.999Z"
"2025-01-02T00:00:00.000Z";"2025-01-02T23:59:59.999Z";"2025-01-02T12:17:00.000Z";"2025-01-02T00:22:00.000Z";"2790";187.3006374922;202.3717488153;186.7391421776;202.3717488153;4086938576.3909745;96935766494.82074;"2025-01-02T23:59:59.999Z"
"2025-01-01T00:00:00.000Z";"2025-01-01T23:59:59.999Z";"2025-01-01T21:25:00.000Z";"2025-01-01T09:42:00.000Z";"2790";182.8668552253;188.1303736658;181.5263178587;187.2723337076;2245637773.7118006;90439772305.7719;"2025-01-01T23:59:59.999Z"
"2024-12-31T00:00:00.000Z";"2024-12-31T23:59:59.999Z";"2024-12-31T16:55:00.000Z";"2024-12-31T05:22:00.000Z";"2790";183.6113438064;191.9370326963;180.6129452039;182.8644972806;3149030359.8043675;87811295968.6055;"2024-12-31T23:59:59.999Z"
"2024-12-30T00:00:00.000Z";"2024-12-30T23:59:59.999Z";"2024-12-30T20:04:00.000Z";"2024-12-30T15:35:00.000Z";"2790";181.9358532783;188.5978765106;178.9366772009;183.6012557477;3112708313.8517814;87878946877.70912;"2024-12-30T23:59:59.999Z"
"2024-12-29T00:00:00.000Z";"2024-12-29T23:59:59.999Z";"2024-12-29T14:08:00.000Z";"2024-12-29T23:25:00.000Z";"2790";187.0181373978;189.1607428911;180.5305046829;181.9250936213;2076864097.6551838;87292596171.58238;"2024-12-29T23:59:59.999Z"
"2024-12-28T00:00:00.000Z";"2024-12-28T23:59:59.999Z";"2024-12-28T22:55:00.000Z";"2024-12-28T00:00:00.000Z";"2790";176.3305962469;187.4141790478;176.3305361293;187.0095928333;2070584715.478283;89721991972.98534;"2024-12-28T23:59:59.999Z"
"2024-12-27T00:00:00.000Z";"2024-12-27T23:59:59.999Z";"2024-12-27T09:42:00.000Z";"2024-12-27T16:25:00.000Z";"2790";180.5937840857;186.0799482898;175.4453783371;176.3258782167;2675360274.197603;84603985219.44917;"2024-12-27T23:59:59.999Z"
"2024-12-26T00:00:00.000Z";"2024-12-26T23:59:59.999Z";"2024-12-26T00:20:00.000Z";"2024-12-26T21:17:00.000Z";"2790";189.8950706377;191.7881559443;179.3178369001;180.5843582784;2754739662.6798415;86792639339.70332;"2024-12-26T23:59:59.999Z"
"2024-12-25T00:00:00.000Z";"2024-12-25T23:59:59.999Z";"2024-12-25T02:58:00.000Z";"2024-12-25T12:07:00.000Z";"2790";189.3329349252;193.7513338627;187.7440401516;189.9051690103;2583898194.971055;91017900674.30156;"2024-12-25T23:59:59.999Z"
"2024-12-24T00:00:00.000Z";"2024-12-24T23:59:59.999Z";"2024-12-24T15:46:00.000Z";"2024-12-24T02:22:00.000Z";"2790";182.3768317291;191.1685323749;178.8056195936;189.3852582561;3279715754.5866055;90774175550.0891;"2024-12-24T23:59:59.999Z"
"2024-12-23T00:00:00.000Z";"2024-12-23T23:59:59.999Z";"2024-12-23T21:23:00.000Z";"2024-12-23T01:22:00.000Z";"2790";172.6838969132;185.5130835019;169.4426673561;182.3770214828;4717947330.496579;87195580802.9278;"2024-12-23T23:59:59.999Z"
"2024-12-22T00:00:00.000Z";"2024-12-22T23:59:59.999Z";"2024-12-22T12:36:00.000Z";"2024-12-22T20:12:00.000Z";"2790";173.8129154016;179.8020238895;169.8125847244;172.6814496647;3836331134.5531025;82804705951.04863;"2024-12-22T23:59:59.999Z"
"2024-12-21T00:00:00.000Z";"2024-12-21T23:59:59.999Z";"2024-12-21T07:45:00.000Z";"2024-12-21T19:40:00.000Z";"2790";186.1740112821;193.2912001205;171.3711332066;173.8269425031;5146763426.148492;83306752108.19977;"2024-12-21T23:59:59.999Z"
"2024-12-20T00:00:00.000Z";"2024-12-20T23:59:59.999Z";"2024-12-20T02:52:00.000Z";"2024-12-20T12:02:00.000Z";"2790";187.4489781425;192.4062486348;169.7182251381;186.1747479225;9262419391.592419;89800550556.21872;"2024-12-20T23:59:59.999Z"
"2024-12-19T00:00:00.000Z";"2024-12-19T23:59:59.999Z";"2024-12-19T07:59:00.000Z";"2024-12-19T19:56:00.000Z";"2790";199.4083141171;203.8989010577;181.44637126;187.4699827764;7772136231.191729;89966155097.1162;"2024-12-19T23:59:59.999Z"
"2024-12-18T00:00:00.000Z";"2024-12-18T23:59:59.999Z";"2024-12-18T00:19:00.000Z";"2024-12-18T23:49:00.000Z";"2790";212.3230821768;215.2296885051;197.9906330773;199.3845761057;6564359107.900935;94230065281.47069;"2024-12-18T23:59:59.999Z"
"2024-12-17T00:00:00.000Z";"2024-12-17T23:59:59.999Z";"2024-12-17T18:49:00.000Z";"2024-12-17T01:05:00.000Z";"2790";205.6931792809;217.7372482123;201.2594792017;212.3122538041;6128045577.446276;101521325846.29929;"2024-12-17T23:59:59.999Z"
"2024-12-16T00:00:00.000Z";"2024-12-16T23:59:59.999Z";"2024-12-16T00:52:00.000Z";"2024-12-16T13:08:00.000Z";"2790";212.8148410081;215.9032343605;203.4999612635;205.7198431163;4825317034.040245;98629003050.65015;"2024-12-16T23:59:59.999Z"
"2024-12-15T00:00:00.000Z";"2024-12-15T23:59:59.999Z";"2024-12-15T23:53:00.000Z";"2024-12-15T07:46:00.000Z";"2790";209.3323653456;214.1432731329;205.5833694151;212.7863394052;2827532218.851783;102041322295.90567;"2024-12-15T23:59:59.999Z"
"2024-12-14T00:00:00.000Z";"2024-12-14T23:59:59.999Z";"2024-12-14T06:23:00.000Z";"2024-12-14T20:57:00.000Z";"2790";214.0161003288;216.3797807288;205.0507829549;209.3323653456;2784451818.4489236;100240201018.1921;"2024-12-14T23:59:59.999Z"
"2024-12-13T00:00:00.000Z";"2024-12-13T23:59:59.999Z";"2024-12-13T02:50:00.000Z";"2024-12-13T16:07:00.000Z";"2790";216.7215152868;218.1418358916;210.5345038557;214.0161003288;3846713811.156951;102812276539.77742;"2024-12-13T23:59:59.999Z"
"2024-12-12T00:00:00.000Z";"2024-12-12T23:59:59.999Z";"2024-12-12T18:03:00.000Z";"2024-12-12T01:56:00.000Z";"2790";216.4990899864;223.1857537685;215.0612358711;216.7598828011;4697871329.148456;103483909086.94408;"2024-12-12T23:59:59.999Z"
"2024-12-11T00:00:00.000Z";"2024-12-11T23:59:59.999Z";"2024-12-11T20:29:00.000Z";"2024-12-11T00:47:00.000Z";"2790";203.0472320581;219.6543902865;201.3169884518;216.4930026829;5331793571.830876;103423863222.37814;"2024-12-11T23:59:59.999Z"
"2024-12-10T00:00:00.000Z";"2024-12-10T23:59:59.999Z";"2024-12-10T00:39:00.000Z";"2024-12-10T18:13:00.000Z";"2790";205.9169990607;209.1814382924;193.8185684886;203.030755067;7977840221.360952;96460963591.12653;"2024-12-10T23:59:59.999Z"
"2024-12-09T00:00:00.000Z";"2024-12-09T23:59:59.999Z";"2024-12-09T00:00:00.000Z";"2024-12-09T21:09:00.000Z";"2790";224.7330425238;224.7330425238;198.7659686633;205.9034388305;8148821581.880538;97927786519.7827;"2024-12-09T23:59:59.999Z"
"2024-12-08T00:00:00.000Z";"2024-12-08T23:59:59.999Z";"2024-12-08T02:31:00.000Z";"2024-12-08T09:57:00.000Z";"2790";226.5599159709;228.4099170958;221.0996294372;223.9812454448;3031813256.39501;106581999368.34846;"2024-12-08T23:59:59.999Z"
"2024-12-07T00:00:00.000Z";"2024-12-07T23:59:59.999Z";"2024-12-07T21:10:00.000Z";"2024-12-07T03:25:00.000Z";"2790";224.1486176024;230.0023747886;221.8867949437;225.6732894871;3785520608.5164657;107369990439.28754;"2024-12-07T23:59:59.999Z"
"2024-12-06T00:00:00.000Z";"2024-12-06T23:59:59.999Z";"2024-12-06T01:32:00.000Z";"2024-12-06T13:03:00.000Z";"2790";223.4699621207;233.073602949;218.6843411326;224.1486176024;6354840765.885855;106477406188.2446;"2024-12-06T23:59:59.999Z"
"2024-12-05T00:00:00.000Z";"2024-12-05T23:59:59.999Z";"2024-12-05T12:28:00.000Z";"2024-12-05T01:28:00.000Z";"2790";217.9550892267;232.7909307326;212.5583435862;221.0571682441;8390858819.175864;105826622692.66312;"2024-12-05T23:59:59.999Z"
"2024-12-04T00:00:00.000Z";"2024-12-04T23:59:59.999Z";"2024-12-04T05:19:00.000Z";"2024-12-04T17:19:00.000Z";"2790";222.8420687165;229.0389147463;213.8986852351;217.9318520133;6250540233.98029;103631306688.46732;"2024-12-04T23:59:59.999Z"
"2024-12-03T00:00:00.000Z";"2024-12-03T23:59:59.999Z";"2024-12-03T21:56:00.000Z";"2024-12-03T14:37:00.000Z";"2790";214.9915020015;227.6460249372;205.6379057733;222.8591653395;8002925825.490819;105989859078.49547;"2024-12-03T23:59:59.999Z"
"2024-12-02T00:00:00.000Z";"2024-12-02T23:59:59.999Z";"2024-12-02T02:02:00.000Z";"2024-12-02T18:01:00.000Z";"2790";224.8667590126;225.8690749991;210.3409890352;214.9713699722;6994723305.075185;101778597080.46725;"2024-12-02T23:59:59.999Z"
"2024-12-01T00:00:00.000Z";"2024-12-01T23:59:59.999Z";"2024-12-01T00:37:00.000Z";"2024-12-01T03:00:00.000Z";"2790";224.7530298856;226.7030637001;221.7151794161;224.8283450279;3522516278.8956676;106488012123.73477;"2024-12-01T23:59:59.999Z"
"2024-11-30T00:00:00.000Z";"2024-11-30T23:59:59.999Z";"2024-11-30T08:40:00.000Z";"2024-11-30T23:59:00.000Z";"2790";230.1989377717;231.7959405484;224.7329005565;224.7529543572;3354612918.7754087;106754718761.33095;"2024-11-30T23:59:59.999Z"
"2024-11-29T00:00:00.000Z";"2024-11-29T23:59:59.999Z";"2024-11-29T12:11:00.000Z";"2024-11-29T01:20:00.000Z";"2790";225.1498888851;233.6909832683;224.0314735012;230.2010344457;3932099725.8547854;109520758688.69934;"2024-11-29T23:59:59.999Z"
"2024-11-28T00:00:00.000Z";"2024-11-28T23:59:59.999Z";"2024-11-28T00:47:00.000Z";"2024-11-28T15:55:00.000Z";"2790";229.4044966837;232.2044542557;221.0348074254;225.1456401069;3831900086.343207;106905158761.19257;"2024-11-28T23:59:59.999Z"
"2024-11-27T00:00:00.000Z";"2024-11-27T23:59:59.999Z";"2024-11-27T23:46:00.000Z";"2024-11-27T05:23:00.000Z";"2790";220.1772618002;230.1341535229;217.7040575034;229.4105291818;5129893618.813027;109667749620.05728;"2024-11-27T23:59:59.999Z"
"2024-11-26T00:00:00.000Z";"2024-11-26T23:59:59.999Z";"2024-11-26T06:31:00.000Z";"2024-11-26T11:33:00.000Z";"2790";224.2501006344;228.710553793;212.216462066;220.1674976367;6692653500.822445;104901246103.36449;"2024-11-26T23:59:59.999Z"
"2024-11-25T00:00:00.000Z";"2024-11-25T23:59:59.999Z";"2024-11-25T09:22:00.000Z";"2024-11-25T22:40:00.000Z";"2790";241.3823308291;244.6441886209;220.6255168029;224.2066801471;6314305473.539002;106219802339.0197;"2024-11-25T23:59:59.999Z"
"2024-11-24T00:00:00.000Z";"2024-11-24T23:59:59.999Z";"2024-11-24T01:14:00.000Z";"2024-11-24T12:46:00.000Z";"2790";244.9399902334;249.2086753042;233.3673762812;241.3674262525;5116285207.945156;115238809196.31291;"2024-11-24T23:59:59.999Z"
"2024-11-23T00:00:00.000Z";"2024-11-23T23:59:59.999Z";"2024-11-23T04:43:00.000Z";"2024-11-23T20:31:00.000Z";"2790";246.2189578821;253.2387092775;243.028792374;244.9399902334;5984417931.924967;116255272975.95316;"2024-11-23T23:59:59.999Z"
"2024-11-22T00:00:00.000Z";"2024-11-22T23:59:59.999Z";"2024-11-22T03:29:00.000Z";"2024-11-22T18:55:00.000Z";"2790";245.4942466264;251.7771115911;241.9642738222;246.2194395132;6922744598.735153;116274366658.94376;"2024-11-22T23:59:59.999Z"
"2024-11-21T00:00:00.000Z";"2024-11-21T23:59:59.999Z";"2024-11-21T19:16:00.000Z";"2024-11-21T02:44:00.000Z";"2790";223.2068398826;247.1189623262;218.3799352243;245.576319152;10178065377.441702;115673416772.63982;"2024-11-21T23:59:59.999Z"
"2024-11-20T00:00:00.000Z";"2024-11-20T23:59:59.999Z";"2024-11-20T14:12:00.000Z";"2024-11-20T03:37:00.000Z";"2790";224.4517806289;229.3991549779;217.9553230184;223.2244736284;6084370773.333071;105335511815.62675;"2024-11-20T23:59:59.999Z"
"2024-11-19T00:00:00.000Z";"2024-11-19T23:59:59.999Z";"2024-11-19T12:08:00.000Z";"2024-11-19T22:34:00.000Z";"2790";226.3423053927;233.2473177605;221.0170772298;224.4655092394;6335219648.987991;106671419659.63445;"2024-11-19T23:59:59.999Z"
"2024-11-18T00:00:00.000Z";"2024-11-18T23:59:59.999Z";"2024-11-18T10:56:00.000Z";"2024-11-18T00:56:00.000Z";"2790";225.5330624466;235.3046597321;222.2429000597;226.2751319311;8352716188.038881;108034997720.20596;"2024-11-18T23:59:59.999Z"
"2024-11-17T00:00:00.000Z";"2024-11-17T23:59:59.999Z";"2024-11-17T08:44:00.000Z";"2024-11-17T02:17:00.000Z";"2790";204.7531934198;228.7784215648;201.7807651597;225.5009897503;9468048180.503828;106960686065.99841;"2024-11-17T23:59:59.999Z"
"2024-11-16T00:00:00.000Z";"2024-11-16T23:59:59.999Z";"2024-11-16T05:37:00.000Z";"2024-11-16T16:09:00.000Z";"2790";207.2632146944;210.2161682899;202.7643209345;204.7028255832;4455888162.630395;96606055833.6939;"2024-11-16T23:59:59.999Z"
"2024-11-15T00:00:00.000Z";"2024-11-15T23:59:59.999Z";"2024-11-15T22:43:00.000Z";"2024-11-15T04:52:00.000Z";"2790";198.7294404863;208.1824847417;194.2918698717;206.8132895887;5803053675.55913;97786231206.50578;"2024-11-15T23:59:59.999Z"
"2024-11-14T00:00:00.000Z";"2024-11-14T23:59:59.999Z";"2024-11-14T09:28:00.000Z";"2024-11-14T23:43:00.000Z";"2790";203.7157839444;211.4499734028;197.0061808386;198.6639725077;7663138815.947314;93484233063.81696;"2024-11-14T23:59:59.999Z"
"2024-11-13T00:00:00.000Z";"2024-11-13T23:59:59.999Z";"2024-11-13T17:18:00.000Z";"2024-11-13T04:53:00.000Z";"2790";199.8178256227;208.4657706859;189.726454821;203.696072326;10637087381.21406;95638325506.11787;"2024-11-13T23:59:59.999Z"
"2024-11-12T00:00:00.000Z";"2024-11-12T23:59:59.999Z";"2024-11-12T09:03:00.000Z";"2024-11-12T13:54:00.000Z";"2790";208.824753474;211.6732916259;193.50846072;199.8529643611;10606721445.513098;93928207876.23677;"2024-11-12T23:59:59.999Z"
"2024-11-11T00:00:00.000Z";"2024-11-11T23:59:59.999Z";"2024-11-11T23:26:00.000Z";"2024-11-11T05:41:00.000Z";"2790";196.5678999398;209.4484786798;190.9503133462;208.8530289665;9604514969.685423;98063106702.50517;"2024-11-11T23:59:59.999Z"
"2024-11-10T00:00:00.000Z";"2024-11-10T23:59:59.999Z";"2024-11-10T17:56:00.000Z";"2024-11-10T00:12:00.000Z";"2790";186.7760197611;200.7547641443;185.6444682714;196.5257771939;7990532630.085136;92676176461.12704;"2024-11-10T23:59:59.999Z"
"2024-11-09T00:00:00.000Z";"2024-11-09T23:59:59.999Z";"2024-11-09T11:00:00.000Z";"2024-11-09T17:18:00.000Z";"2790";186.4498846429;189.716109758;182.3706985074;186.7750455476;3136677128.5716033;88053622948.16888;"2024-11-09T23:59:59.999Z"
"2024-11-08T00:00:00.000Z";"2024-11-08T23:59:59.999Z";"2024-11-08T14:10:00.000Z";"2024-11-08T03:01:00.000Z";"2790";181.8138806933;190.6151114079;181.8138806933;186.4493252981;5253562549.175239;87331824068.79402;"2024-11-08T23:59:59.999Z"
"2024-11-07T00:00:00.000Z";"2024-11-07T23:59:59.999Z";"2024-11-07T21:10:00.000Z";"2024-11-07T12:01:00.000Z";"2790";174.1876456038;183.2198574424;173.4248168728;181.7820744897;4379822226.516548;86262450643.84573;"2024-11-07T23:59:59.999Z"
"2024-11-06T00:00:00.000Z";"2024-11-06T23:59:59.999Z";"2024-11-06T22:43:00.000Z";"2024-11-06T00:11:00.000Z";"2790";152.4806404481;177.0282000033;152.4806404481;174.1650240745;8983838171.27994;80536425309.96663;"2024-11-06T23:59:59.999Z"
"2024-11-05T00:00:00.000Z";"2024-11-05T23:59:59.999Z";"2024-11-05T17:09:00.000Z";"2024-11-05T01:38:00.000Z";"2790";145.0735451541;154.8784084199;144.3683850518;152.5501636895;2983234060.5928273;72203460640.12172;"2024-11-05T23:59:59.999Z"
"2024-11-04T00:00:00.000Z";"2024-11-04T23:59:59.999Z";"2024-11-04T03:04:00.000Z";"2024-11-04T21:59:00.000Z";"2790";149.4791272845;151.2080229603;142.6568552084;145.0623451096;2583103572.114933;68311970848.31999;"2024-11-04T23:59:59.999Z"
"2024-11-03T00:00:00.000Z";"2024-11-03T23:59:59.999Z";"2024-11-03T00:33:00.000Z";"2024-11-03T15:14:00.000Z";"2790";152.6602945418;152.9968487702;145.9499603138;149.4512882837;2433034214.803726;70377174802.15048;"2024-11-03T23:59:59.999Z"
"2024-11-02T00:00:00.000Z";"2024-11-02T23:59:59.999Z";"2024-11-02T02:31:00.000Z";"2024-11-02T15:13:00.000Z";"2790";152.9480218994;154.9704220092;149.3832297975;152.6602945418;1488588931.1309264;71902420105.03183;"2024-11-02T23:59:59.999Z"
"2024-11-01T00:00:00.000Z";"2024-11-01T23:59:59.999Z";"2024-11-01T14:22:00.000Z";"2024-11-01T16:02:00.000Z";"2790";154.7329721872;160.0108671479;151.1548493861;152.9480218994;2900348780.815202;71916222187.46222;"2024-11-01T23:59:59.999Z"
"2024-10-31T00:00:00.000Z";"2024-10-31T23:59:59.999Z";"2024-10-31T02:38:00.000Z";"2024-10-31T22:27:00.000Z";"2790";161.0878094661;162.4982914546;153.9873170582;154.732762438;2442787521.228815;72959703062.90877;"2024-10-31T23:59:59.999Z"
"2024-10-30T00:00:00.000Z";"2024-10-30T23:59:59.999Z";"2024-10-30T05:14:00.000Z";"2024-10-30T20:13:00.000Z";"2790";165.775427188;167.4883216641;159.6599206696;161.0843889551;2562431154.8954144;76047991750.56424;"2024-10-30T23:59:59.999Z"
"2024-10-29T00:00:00.000Z";"2024-10-29T23:59:59.999Z";"2024-10-29T16:55:00.000Z";"2024-10-29T20:27:00.000Z";"2790";164.67907647;169.5494313564;163.5028887582;165.775427188;3624110103.1000123;77988774756.95767;"2024-10-29T23:59:59.999Z"
"2024-10-28T00:00:00.000Z";"2024-10-28T23:59:59.999Z";"2024-10-28T22:28:00.000Z";"2024-10-28T17:08:00.000Z";"2790";163.5595035419;165.9260073782;159.8316311972;164.6923639439;3356402424.823409;77594013491.02386;"2024-10-28T23:59:59.999Z"
"2024-10-27T00:00:00.000Z";"2024-10-27T23:59:59.999Z";"2024-10-27T23:04:00.000Z";"2024-10-27T00:19:00.000Z";"2790";158.0522074057;164.7965526131;157.5767632172;163.5495197101;2247960427.3553824;76857608640.14442;"2024-10-27T23:59:59.999Z"
"2024-10-26T00:00:00.000Z";"2024-10-26T23:59:59.999Z";"2024-10-26T21:37:00.000Z";"2024-10-26T02:14:00.000Z";"2790";152.543299761;160.0121682435;150.4020890604;158.0522074057;2551128676.1153746;74314494134.07845;"2024-10-26T23:59:59.999Z"
"2024-10-25T00:00:00.000Z";"2024-10-25T23:59:59.999Z";"2024-10-25T00:05:00.000Z";"2024-10-25T23:25:00.000Z";"2790";163.6689200945;163.6961187526;148.1724998222;152.5441236495;4499181565.332108;71567856713.44513;"2024-10-25T23:59:59.999Z"
"2024-10-24T00:00:00.000Z";"2024-10-24T23:59:59.999Z";"2024-10-24T22:50:00.000Z";"2024-10-24T00:25:00.000Z";"2790";158.727056739;165.3053871656;158.1640749966;163.6076232841;3274041912.8478365;77252824935.1077;"2024-10-24T23:59:59.999Z"
"2024-10-23T00:00:00.000Z";"2024-10-23T23:59:59.999Z";"2024-10-23T20:42:00.000Z";"2024-10-23T09:13:00.000Z";"2790";154.9151238444;161.1628472138;152.2076721998;158.5491171794;3576665676.5354056;74426683022.81787;"2024-10-23T23:59:59.999Z"
"2024-10-22T00:00:00.000Z";"2024-10-22T23:59:59.999Z";"2024-10-22T15:05:00.000Z";"2024-10-22T00:34:00.000Z";"2790";153.6861265551;157.971688733;150.9406687531;154.9155106302;3209122393.490171;72686216112.19034;"2024-10-22T23:59:59.999Z"
"2024-10-21T00:00:00.000Z";"2024-10-21T23:59:59.999Z";"2024-10-21T05:07:00.000Z";"2024-10-21T13:56:00.000Z";"2790";153.6204225036;157.8740973413;149.1302173769;153.6829506769;3611106575.160938;71892767551.80554;"2024-10-21T23:59:59.999Z"
"2024-10-20T00:00:00.000Z";"2024-10-20T23:59:59.999Z";"2024-10-20T23:37:00.000Z";"2024-10-20T13:30:00.000Z";"2790";146.8763211942;154.2042622495;145.1186002811;153.6215244738;2372966387.0626483;72175088347.14653;"2024-10-20T23:59:59.999Z"
"2024-10-19T00:00:00.000Z";"2024-10-19T23:59:59.999Z";"2024-10-19T23:46:00.000Z";"2024-10-19T12:01:00.000Z";"2790";142.5391170918;146.893654958;141.5613215807;146.8283003148;1324784930.2462735;68999618504.88112;"2024-10-19T23:59:59.999Z"
"2024-10-18T00:00:00.000Z";"2024-10-18T23:59:59.999Z";"2024-10-18T18:38:00.000Z";"2024-10-18T01:02:00.000Z";"2790";138.8021191219;144.0842431783;138.2087754026;142.5391170918;1619784648.0365736;67248384583.62879;"2024-10-18T23:59:59.999Z"
"2024-10-17T00:00:00.000Z";"2024-10-17T23:59:59.999Z";"2024-10-17T02:01:00.000Z";"2024-10-17T18:37:00.000Z";"2790";142.0345397896;143.2019288247;136.6375082028;138.8105343873;1987022416.8695729;65038462818.848335;"2024-10-17T23:59:59.999Z"
"2024-10-16T00:00:00.000Z";"2024-10-16T23:59:59.999Z";"2024-10-16T11:34:00.000Z";"2024-10-16T07:18:00.000Z";"2790";142.1522093784;145.2060216254;140.6607969259;142.0433985575;2202786704.0524006;66582477412.895584;"2024-10-16T23:59:59.999Z"
"2024-10-15T00:00:00.000Z";"2024-10-15T23:59:59.999Z";"2024-10-15T14:03:00.000Z";"2024-10-15T15:11:00.000Z";"2790";144.3375113529;145.4322037909;138.4081669338;142.1085781607;3164295531.7996826;66628415580.220634;"2024-10-15T23:59:59.999Z"
"2024-10-14T00:00:00.000Z";"2024-10-14T23:59:59.999Z";"2024-10-14T23:03:00.000Z";"2024-10-14T00:20:00.000Z";"2790";134.8588520942;144.6463126581;134.6519069955;144.3381411335;2677011758.313593;67589506927.798386;"2024-10-14T23:59:59.999Z"
"2024-10-13T00:00:00.000Z";"2024-10-13T23:59:59.999Z";"2024-10-13T22:07:00.000Z";"2024-10-13T15:31:00.000Z";"2790";133.8745002906;135.9034616413;132.1427617882;134.8608440204;1182885033.9258182;63332256224.65974;"2024-10-13T23:59:59.999Z"
"2024-10-12T00:00:00.000Z";"2024-10-12T23:59:59.999Z";"2024-10-12T13:09:00.000Z";"2024-10-12T03:30:00.000Z";"2790";132.8517599371;134.456202453;132.285758561;133.8744555361;1022223574.070048;62872997311.51634;"2024-10-12T23:59:59.999Z"
"2024-10-11T00:00:00.000Z";"2024-10-11T23:59:59.999Z";"2024-10-11T19:13:00.000Z";"2024-10-11T01:36:00.000Z";"2790";127.0285927649;133.8630839564;126.8995867848;132.8517599371;1644346140.0834982;62449902109.238556;"2024-10-11T23:59:59.999Z"
"2024-10-10T00:00:00.000Z";"2024-10-10T23:59:59.999Z";"2024-10-10T05:55:00.000Z";"2024-10-10T18:28:00.000Z";"2790";127.3242771922;128.4837652167;124.1503654824;127.0234480903;1617816356.733541;59578606897.830505;"2024-10-10T23:59:59.999Z"
"2024-10-09T00:00:00.000Z";"2024-10-09T23:59:59.999Z";"2024-10-09T01:39:00.000Z";"2024-10-09T21:01:00.000Z";"2790";130.6483538431;132.2642184065;126.8687665325;127.3293871538;1546601785.5272007;59577506168.74602;"2024-10-09T23:59:59.999Z"
"2024-10-08T00:00:00.000Z";"2024-10-08T23:59:59.999Z";"2024-10-08T02:10:00.000Z";"2024-10-08T15:37:00.000Z";"2790";131.2008598011;132.4223928232;128.8024904429;130.6351916372;1558662048.1409702;61312338295.51401;"2024-10-08T23:59:59.999Z"
"2024-10-07T00:00:00.000Z";"2024-10-07T23:59:59.999Z";"2024-10-07T14:44:00.000Z";"2024-10-07T23:07:00.000Z";"2790";133.4964635972;138.6137513401;130.8062624863;131.1917883181;2441970481.0882277;61596282001.480865;"2024-10-07T23:59:59.999Z"
"2024-10-06T00:00:00.000Z";"2024-10-06T23:59:59.999Z";"2024-10-06T23:46:00.000Z";"2024-10-06T00:11:00.000Z";"2790";129.9505774552;133.6508912572;129.4065228937;133.4807560192;1064210260.6577958;62485368456.58495;"2024-10-06T23:59:59.999Z"
"2024-10-05T00:00:00.000Z";"2024-10-05T23:59:59.999Z";"2024-10-05T08:28:00.000Z";"2024-10-05T21:00:00.000Z";"2790";130.3877047518;131.8833510823;128.5464061162;129.9505979371;1014468687.7025875;60902391879.52953;"2024-10-05T23:59:59.999Z"
"2024-10-04T00:00:00.000Z";"2024-10-04T23:59:59.999Z";"2024-10-04T21:15:00.000Z";"2024-10-04T01:03:00.000Z";"2790";123.9509111471;131.5166212825;123.3091628323;130.3877047518;2140234457.3127248;60780171038.16;"2024-10-04T23:59:59.999Z"
"2024-10-03T00:00:00.000Z";"2024-10-03T23:59:59.999Z";"2024-10-03T04:01:00.000Z";"2024-10-03T15:45:00.000Z";"2790";127.0773931931;129.4034268432;121.2307527153;123.9383269094;2638666495.879449;58007534989.85754;"2024-10-03T23:59:59.999Z"
"2024-10-02T00:00:00.000Z";"2024-10-02T23:59:59.999Z";"2024-10-02T06:49:00.000Z";"2024-10-02T20:28:00.000Z";"2790";131.3175057591;134.4628073694;125.7075785501;127.0850077709;2614117999.076153;59445107102.016174;"2024-10-02T23:59:59.999Z"
"2024-10-01T00:00:00.000Z";"2024-10-01T23:59:59.999Z";"2024-10-01T11:04:00.000Z";"2024-10-01T20:43:00.000Z";"2790";137.0347463273;141.8725238179;129.0840376574;131.3009427118;3282837518.000392;61102157539.236176;"2024-10-01T23:59:59.999Z"
"2024-09-30T00:00:00.000Z";"2024-09-30T23:59:59.999Z";"2024-09-30T01:35:00.000Z";"2024-09-30T23:44:00.000Z";"2790";142.0313781267;142.8120052619;136.4955663403;137.0312361026;2128048201.753475;63980268057.366234;"2024-09-30T23:59:59.999Z"
"2024-09-29T00:00:00.000Z";"2024-09-29T23:59:59.999Z";"2024-09-29T21:25:00.000Z";"2024-09-29T08:30:00.000Z";"2790";140.4578051887;144.8108758652;138.9635176403;142.0281452881;1587951612.2384572;66587177193.62457;"2024-09-29T23:59:59.999Z"
"2024-09-28T00:00:00.000Z";"2024-09-28T23:59:59.999Z";"2024-09-28T02:38:00.000Z";"2024-09-28T09:10:00.000Z";"2790";141.2092501314;142.6354786139;139.0138515492;140.4578051887;1164454843.6304939;65866290600.42014;"2024-09-28T23:59:59.999Z"
"2024-09-27T00:00:00.000Z";"2024-09-27T23:59:59.999Z";"2024-09-27T14:37:00.000Z";"2024-09-27T02:33:00.000Z";"2790";139.2000051369;143.9716287146;138.0270527814;141.207487482;2474696613.870505;66172608076.04103;"2024-09-27T23:59:59.999Z"
"2024-09-26T00:00:00.000Z";"2024-09-26T23:59:59.999Z";"2024-09-26T15:49:00.000Z";"2024-09-26T00:54:00.000Z";"2790";132.996219133;141.1846996555;131.8900864754;139.2071616375;2704442196.4777827;65535330484.3637;"2024-09-26T23:59:59.999Z"
"2024-09-25T00:00:00.000Z";"2024-09-25T23:59:59.999Z";"2024-09-25T01:41:00.000Z";"2024-09-25T23:38:00.000Z";"2790";136.6348358607;137.2461055369;132.4739233947;132.9854331545;1911215703.5510957;62004216609.39072;"2024-09-25T23:59:59.999Z"
"2024-09-24T00:00:00.000Z";"2024-09-24T23:59:59.999Z";"2024-09-24T23:01:00.000Z";"2024-09-24T00:43:00.000Z";"2790";130.3362439665;137.2333436095;129.0167153577;136.6365073264;2634570141.546831;64499245487.56349;"2024-09-24T23:59:59.999Z"
"2024-09-23T00:00:00.000Z";"2024-09-23T23:59:59.999Z";"2024-09-23T03:29:00.000Z";"2024-09-23T21:22:00.000Z";"2790";129.7233663655;133.4340097933;128.3574951911;130.3262517321;2100094604.323783;60810284356.78785;"2024-09-23T23:59:59.999Z"
"2024-09-22T00:00:00.000Z";"2024-09-22T23:59:59.999Z";"2024-09-22T00:11:00.000Z";"2024-09-22T22:09:00.000Z";"2790";133.8588417118;134.1621375922;126.6796215952;129.7368331053;1430398678.9428205;60745332390.56217;"2024-09-22T23:59:59.999Z"
"2024-09-21T00:00:00.000Z";"2024-09-21T23:59:59.999Z";"2024-09-21T23:55:00.000Z";"2024-09-21T04:40:00.000Z";"2790";131.1501701473;134.135846643;129.5790316043;133.8588417118;1239864961.0115192;62699246186.72925;"2024-09-21T23:59:59.999Z"
"2024-09-20T00:00:00.000Z";"2024-09-20T23:59:59.999Z";"2024-09-20T06:58:00.000Z";"2024-09-20T01:16:00.000Z";"2790";128.0023992747;135.7771784653;126.6206965994;131.1501701473;2904519968.3571234;61533907298.082184;"2024-09-20T23:59:59.999Z"
"2024-09-19T00:00:00.000Z";"2024-09-19T23:59:59.999Z";"2024-09-19T19:28:00.000Z";"2024-09-19T00:00:00.000Z";"2790";120.5753773529;128.9354377852;120.5753773529;127.9741540269;2595717433.145706;60216459364.12393;"2024-09-19T23:59:59.999Z"
"2024-09-18T00:00:00.000Z";"2024-09-18T23:59:59.999Z";"2024-09-18T23:59:00.000Z";"2024-09-18T15:47:00.000Z";"2790";118.2605179222;120.5886425457;114.5043082223;120.5886425457;2032496341.1303144;56423097346.36611;"2024-09-18T23:59:59.999Z"
"2024-09-17T00:00:00.000Z";"2024-09-17T23:59:59.999Z";"2024-09-17T15:29:00.000Z";"2024-09-17T01:16:00.000Z";"2790";118.1403422153;121.8508984367;117.2894306217;118.2567033468;1551747375.1738222;55360633613.751434;"2024-09-17T23:59:59.999Z"
"2024-09-16T00:00:00.000Z";"2024-09-16T23:59:59.999Z";"2024-09-16T08:28:00.000Z";"2024-09-16T17:38:00.000Z";"2790";118.6031117038;118.9579920441;116.1085658647;118.1370636334;1464028098.999666;55521662571.0834;"2024-09-16T23:59:59.999Z"
"2024-09-15T00:00:00.000Z";"2024-09-15T23:59:59.999Z";"2024-09-15T02:04:00.000Z";"2024-09-15T23:13:00.000Z";"2790";123.7804741961;124.4515370429;118.1360780284;118.5977202288;1225718516.7648528;55557556954.07175;"2024-09-15T23:59:59.999Z"
"2024-09-14T00:00:00.000Z";"2024-09-14T23:59:59.999Z";"2024-09-14T03:28:00.000Z";"2024-09-14T18:11:00.000Z";"2790";125.4589402576;126.0289918944;122.6649997175;123.7804741961;859044635.0218056;57916897013.8011;"2024-09-14T23:59:59.999Z"
"2024-09-13T00:00:00.000Z";"2024-09-13T23:59:59.999Z";"2024-09-13T22:22:00.000Z";"2024-09-13T12:29:00.000Z";"2790";122.8838668448;126.1173138302;118.9728044556;125.4571482225;1506186666.3800244;58774518367.54286;"2024-09-13T23:59:59.999Z"
"2024-09-12T00:00:00.000Z";"2024-09-12T23:59:59.999Z";"2024-09-12T22:49:00.000Z";"2024-09-12T00:01:00.000Z";"2790";120.3370277857;123.3720502887;120.2882163059;122.9006122998;1450484409.7964363;57858257903.08359;"2024-09-12T23:59:59.999Z"
"2024-09-11T00:00:00.000Z";"2024-09-11T23:59:59.999Z";"2024-09-11T00:50:00.000Z";"2024-09-11T14:49:00.000Z";"2790";123.0786729292;123.2151378114;116.6680419869;120.3285635684;1926118465.7465792;56260141330.45021;"2024-09-11T23:59:59.999Z"
"2024-09-10T00:00:00.000Z";"2024-09-10T23:59:59.999Z";"2024-09-10T18:40:00.000Z";"2024-09-10T04:40:00.000Z";"2790";122.3534609058;124.9776856275;120.1576699217;123.0703785046;1488214942.6109858;57489837351.85915;"2024-09-10T23:59:59.999Z"
"2024-09-09T00:00:00.000Z";"2024-09-09T23:59:59.999Z";"2024-09-09T21:17:00.000Z";"2024-09-09T15:01:00.000Z";"2790";117.236114436;123.3629444939;115.2134250263;122.3440165228;2204008419.1798105;56948608669.766685;"2024-09-09T23:59:59.999Z"
"2024-09-08T00:00:00.000Z";"2024-09-08T23:59:59.999Z";"2024-09-08T22:31:00.000Z";"2024-09-08T16:04:00.000Z";"2790";115.1665386938;118.6109658074;114.3473085268;117.2227255158;1188255112.1946971;54813118011.31676;"2024-09-08T23:59:59.999Z"
"2024-09-07T00:00:00.000Z";"2024-09-07T23:59:59.999Z";"2024-09-07T15:40:00.000Z";"2024-09-07T01:55:00.000Z";"2790";112.7035506876;116.5815985082;112.053428951;115.1665386938;1191381899.3862462;53843298889.90528;"2024-09-07T23:59:59.999Z"
"2024-09-06T00:00:00.000Z";"2024-09-06T23:59:59.999Z";"2024-09-06T13:25:00.000Z";"2024-09-06T21:01:00.000Z";"2790";116.3946334745;120.6173712321;109.1912264013;112.7035506876;3168445202.9693065;52528793290.57623;"2024-09-06T23:59:59.999Z"
"2024-09-05T00:00:00.000Z";"2024-09-05T23:59:59.999Z";"2024-09-05T14:04:00.000Z";"2024-09-05T19:56:00.000Z";"2790";120.5679193514;121.6636759843;115.3791357368;116.3871323953;1738231261.3972926;54485648189.56317;"2024-09-05T23:59:59.999Z"
"2024-09-04T00:00:00.000Z";"2024-09-04T23:59:59.999Z";"2024-09-04T16:35:00.000Z";"2024-09-04T01:13:00.000Z";"2790";115.4677931936;121.6688527095;111.886040437;120.5621719115;2410960439.8332553;56448722949.3242;"2024-09-04T23:59:59.999Z"
"2024-09-03T00:00:00.000Z";"2024-09-03T23:59:59.999Z";"2024-09-03T02:21:00.000Z";"2024-09-03T23:59:00.000Z";"2790";121.9919128363;123.8975331601;115.464758459;115.4677931936;1615416248.31491;53802451110.533455;"2024-09-03T23:59:59.999Z"
"2024-09-02T00:00:00.000Z";"2024-09-02T23:59:59.999Z";"2024-09-02T23:35:00.000Z";"2024-09-02T07:49:00.000Z";"2790";116.5123098997;122.3222800756;115.0533507488;121.9879977679;1894230160.1414301;57043506075.342476;"2024-09-02T23:59:59.999Z"
"2024-09-01T00:00:00.000Z";"2024-09-01T23:59:59.999Z";"2024-09-01T20:25:00.000Z";"2024-09-01T23:16:00.000Z";"2790";122.3943041168;123.1060411836;116.0879714044;116.5201600235;1784883413.8508275;54287753236.5165;"2024-09-01T23:59:59.999Z"
"2024-08-31T00:00:00.000Z";"2024-08-31T23:59:59.999Z";"2024-08-31T00:36:00.000Z";"2024-08-31T20:11:00.000Z";"2790";124.8517877146;125.6584456506;121.7204932503;122.3943041168;806569418.6281805;57088347411.62865;"2024-08-31T23:59:59.999Z"
"2024-08-30T00:00:00.000Z";"2024-08-30T23:59:59.999Z";"2024-08-30T00:39:00.000Z";"2024-08-30T16:25:00.000Z";"2790";126.3991784169;127.2515600643;119.8623650981;124.8517877146;2421763635.6167293;58113713987.00295;"2024-08-30T23:59:59.999Z"
"2024-08-29T00:00:00.000Z";"2024-08-29T23:59:59.999Z";"2024-08-29T15:41:00.000Z";"2024-08-29T22:10:00.000Z";"2790";129.3454118786;132.8849806242;124.8044837493;126.4092623068;1886143600.97613;58701515287.47021;"2024-08-29T23:59:59.999Z"
"2024-08-28T00:00:00.000Z";"2024-08-28T23:59:59.999Z";"2024-08-28T05:25:00.000Z";"2024-08-28T16:24:00.000Z";"2790";131.4242776352;133.3551628442;126.8132553226;129.3387873243;2623528433.2955813;60025817681.92354;"2024-08-28T23:59:59.999Z"
"2024-08-27T00:00:00.000Z";"2024-08-27T23:59:59.999Z";"2024-08-27T05:46:00.000Z";"2024-08-27T22:36:00.000Z";"2790";140.8262696651;142.9293249332;130.2369286365;131.4097348228;2492898429.625754;61330211941.54577;"2024-08-27T23:59:59.999Z"
"2024-08-26T00:00:00.000Z";"2024-08-26T23:59:59.999Z";"2024-08-26T10:49:00.000Z";"2024-08-26T17:49:00.000Z";"2790";142.0530609795;144.9261471118;139.5434270567;140.8219775904;2314169264.1621866;65521668766.67955;"2024-08-26T23:59:59.999Z"
"2024-08-25T00:00:00.000Z";"2024-08-25T23:59:59.999Z";"2024-08-25T22:17:00.000Z";"2024-08-25T07:41:00.000Z";"2790";143.6003115945;144.7299843432;138.932572123;142.0270965985;1862842541.4272714;66166148435.125374;"2024-08-25T23:59:59.999Z"
"2024-08-24T00:00:00.000Z";"2024-08-24T23:59:59.999Z";"2024-08-24T17:41:00.000Z";"2024-08-24T01:46:00.000Z";"2790";136.6721625912;144.7487729048;135.8185575562;143.6003115945;2454269409.126758;66867076774.08534;"2024-08-24T23:59:59.999Z"
"2024-08-23T00:00:00.000Z";"2024-08-23T23:59:59.999Z";"2024-08-23T22:11:00.000Z";"2024-08-23T14:53:00.000Z";"2790";128.8569264229;137.263903072;128.0988344495;136.671039079;2303534157.730328;64165795081.917564;"2024-08-23T23:59:59.999Z"
"2024-08-22T00:00:00.000Z";"2024-08-22T23:59:59.999Z";"2024-08-22T12:05:00.000Z";"2024-08-22T02:55:00.000Z";"2790";127.9313174154;129.7981138641;126.4779159768;128.8603646132;1226696080.8212197;59834776337.80023;"2024-08-22T23:59:59.999Z"
"2024-08-21T00:00:00.000Z";"2024-08-21T23:59:59.999Z";"2024-08-21T20:07:00.000Z";"2024-08-21T13:44:00.000Z";"2790";127.9041632847;129.2645175651;125.2368359069;127.948727988;1728290936.594871;59816956149.08122;"2024-08-21T23:59:59.999Z"
"2024-08-20T00:00:00.000Z";"2024-08-20T23:59:59.999Z";"2024-08-20T05:25:00.000Z";"2024-08-20T15:08:00.000Z";"2790";130.2145719378;134.2096240282;127.2178497571;128.651530356;1916404096.1328063;60240028205.2381;"2024-08-20T23:59:59.999Z"
"2024-08-19T00:00:00.000Z";"2024-08-19T23:59:59.999Z";"2024-08-19T17:37:00.000Z";"2024-08-19T10:10:00.000Z";"2790";129.3341444705;131.8017248463;127.5305795023;130.2297660214;1884451766.4782743;61040830153.56526;"2024-08-19T23:59:59.999Z"
"2024-08-18T00:00:00.000Z";"2024-08-18T23:59:59.999Z";"2024-08-18T20:47:00.000Z";"2024-08-18T04:33:00.000Z";"2790";128.539633655;133.2695527364;127.7792011999;129.3321482541;1691736808.0684824;60259355690.56746;"2024-08-18T23:59:59.999Z"
"2024-08-17T00:00:00.000Z";"2024-08-17T23:59:59.999Z";"2024-08-17T23:17:00.000Z";"2024-08-17T00:37:00.000Z";"2790";126.3024596014;128.6885885881;124.9751134985;128.539633655;1087523930.364996;59926174645.30399;"2024-08-17T23:59:59.999Z"
"2024-08-16T00:00:00.000Z";"2024-08-16T23:59:59.999Z";"2024-08-16T06:53:00.000Z";"2024-08-16T17:26:00.000Z";"2790";130.0677349687;131.8558035154;123.9023138959;126.3024596014;2467187424.8910627;59180263172.56294;"2024-08-16T23:59:59.999Z"
"2024-08-15T00:00:00.000Z";"2024-08-15T23:59:59.999Z";"2024-08-15T16:24:00.000Z";"2024-08-15T19:10:00.000Z";"2790";130.7030787009;134.116723521;125.8436882127;130.1068123455;2754204346.56506;60516608447.170906;"2024-08-15T23:59:59.999Z"
"2024-08-14T00:00:00.000Z";"2024-08-14T23:59:59.999Z";"2024-08-14T12:47:00.000Z";"2024-08-14T22:10:00.000Z";"2790";133.4237549955;138.0183578295;129.5621819251;130.7117228605;2468659388.703377;61102556315.49047;"2024-08-14T23:59:59.999Z"
"2024-08-13T00:00:00.000Z";"2024-08-13T23:59:59.999Z";"2024-08-13T17:04:00.000Z";"2024-08-13T03:52:00.000Z";"2790";133.9190752608;136.3669273469;130.8579872817;133.4241951336;2034087753.2596161;62629476387.95848;"2024-08-13T23:59:59.999Z"
"2024-08-12T00:00:00.000Z";"2024-08-12T23:59:59.999Z";"2024-08-12T11:58:00.000Z";"2024-08-12T00:01:00.000Z";"2790";129.6849919663;138.0807547109;129.6013589896;133.9269848663;3097233467.9879436;62632948371.31079;"2024-08-12T23:59:59.999Z"
"2024-08-11T00:00:00.000Z";"2024-08-11T23:59:59.999Z";"2024-08-11T09:25:00.000Z";"2024-08-11T23:47:00.000Z";"2790";140.9195752863;144.553489359;129.5110844855;129.6872825799;2207465244.1014686;60462256144.866684;"2024-08-11T23:59:59.999Z"
"2024-08-10T00:00:00.000Z";"2024-08-10T23:59:59.999Z";"2024-08-10T00:25:00.000Z";"2024-08-10T04:52:00.000Z";"2790";143.2264164311;145.1752319242;139.9453406402;140.917285045;1522350974.7605803;65741553886.92143;"2024-08-10T23:59:59.999Z"
"2024-08-09T00:00:00.000Z";"2024-08-09T23:59:59.999Z";"2024-08-09T00:01:00.000Z";"2024-08-09T16:05:00.000Z";"2790";149.2681876737;149.5602019881;138.4328543387;143.2264164311;2948078567.4089465;66860206626.366486;"2024-08-09T23:59:59.999Z"
"2024-08-08T00:00:00.000Z";"2024-08-08T23:59:59.999Z";"2024-08-08T23:58:00.000Z";"2024-08-08T00:41:00.000Z";"2790";132.3553430067;149.3612471622;129.9373040588;149.2740531805;4928482460.8103075;69531545075.86636;"2024-08-08T23:59:59.999Z"
"2024-08-07T00:00:00.000Z";"2024-08-07T23:59:59.999Z";"2024-08-07T05:40:00.000Z";"2024-08-07T19:36:00.000Z";"2790";131.8897061089;142.0970449927;130.6543816446;132.3106019087;5061578860.569759;61738971855.55758;"2024-08-07T23:59:59.999Z"
"2024-08-06T00:00:00.000Z";"2024-08-06T23:59:59.999Z";"2024-08-06T22:19:00.000Z";"2024-08-06T00:01:00.000Z";"2790";118.5873360139;136.6355641075;118.5194166698;131.8679029642;5308694466.826571;61273920790.80026;"2024-08-06T23:59:59.999Z"
"2024-08-05T00:00:00.000Z";"2024-08-05T23:59:59.999Z";"2024-08-05T00:07:00.000Z";"2024-08-05T13:30:00.000Z";"2790";126.5308110178;127.5341442243;100.6001671057;118.5827281321;12936328724.538012;55416317279.258026;"2024-08-05T23:59:59.999Z"
"2024-08-04T00:00:00.000Z";"2024-08-04T23:59:59.999Z";"2024-08-04T02:36:00.000Z";"2024-08-04T17:46:00.000Z";"2790";130.9229337256;133.5938601703;121.0458855286;126.5862955318;3969769218.621214;58865109248.46589;"2024-08-04T23:59:59.999Z"
"2024-08-03T00:00:00.000Z";"2024-08-03T23:59:59.999Z";"2024-08-03T00:25:00.000Z";"2024-08-03T18:34:00.000Z";"2790";139.7721979642;140.8148446175;128.4491154859;130.922985613;3315348834.7384057;60907085639.11684;"2024-08-03T23:59:59.999Z"
"2024-08-02T00:00:00.000Z";"2024-08-02T23:59:59.999Z";"2024-08-02T00:22:00.000Z";"2024-08-02T19:52:00.000Z";"2790";155.4377461065;156.7444930391;137.5552951369;139.7721979642;4178913830.9035563;65838967022.093925;"2024-08-02T23:59:59.999Z"
"2024-08-01T00:00:00.000Z";"2024-08-01T23:59:59.999Z";"2024-08-01T00:08:00.000Z";"2024-08-01T18:46:00.000Z";"2790";158.7473232604;159.5056320606;146.4476582048;155.4047258532;4067711329.1098065;72068884420.14293;"2024-08-01T23:59:59.999Z"
"2024-07-31T00:00:00.000Z";"2024-07-31T23:59:59.999Z";"2024-07-31T09:47:00.000Z";"2024-07-31T23:59:00.000Z";"2790";165.5766201539;170.1317098388;158.7662671904;158.7726953574;2824386585.3545094;73881378813.76949;"2024-07-31T23:59:59.999Z"
"2024-07-30T00:00:00.000Z";"2024-07-30T23:59:59.999Z";"2024-07-30T05:04:00.000Z";"2024-07-30T20:11:00.000Z";"2790";168.9136683908;170.1583189379;162.8409834651;165.5763623903;2556438812.334519;76940364655.27095;"2024-07-30T23:59:59.999Z"
"2024-07-29T00:00:00.000Z";"2024-07-29T23:59:59.999Z";"2024-07-29T05:43:00.000Z";"2024-07-29T23:19:00.000Z";"2790";170.3406310097;178.3478082595;168.0811739835;168.8973172567;3366791030.041985;78272687472.43872;"2024-07-29T23:59:59.999Z"
"2024-07-28T00:00:00.000Z";"2024-07-28T23:59:59.999Z";"2024-07-28T13:59:00.000Z";"2024-07-28T05:11:00.000Z";"2790";169.328923262;171.5628609988;166.8539659112;170.3344352152;1703881010.895593;79031204681.9846;"2024-07-28T23:59:59.999Z"
"2024-07-27T00:00:00.000Z";"2024-07-27T23:59:59.999Z";"2024-07-27T13:52:00.000Z";"2024-07-27T20:27:00.000Z";"2790";168.4414442127;173.0584916561;164.2811974944;169.3283821825;2988180059.539638;78683609866.77481;"2024-07-27T23:59:59.999Z"
"2024-07-26T00:00:00.000Z";"2024-07-26T23:59:59.999Z";"2024-07-26T23:20:00.000Z";"2024-07-26T00:01:00.000Z";"2790";158.4791548739;168.8095863788;158.4011209014;168.4401753972;2595489723.346325;78415923857.30766;"2024-07-26T23:59:59.999Z"
"2024-07-25T00:00:00.000Z";"2024-07-25T23:59:59.999Z";"2024-07-25T00:52:00.000Z";"2024-07-25T20:14:00.000Z";"2790";164.2535966262;165.6382199669;152.9884718998;158.49596384;3752467810.886767;73714117629.33162;"2024-07-25T23:59:59.999Z"
"2024-07-24T00:00:00.000Z";"2024-07-24T23:59:59.999Z";"2024-07-24T17:48:00.000Z";"2024-07-24T01:01:00.000Z";"2790";159.1978353537;168.0543929346;157.850352524;164.2588296749;2867884672.47856;76203713053.60158;"2024-07-24T23:59:59.999Z"
"2024-07-23T00:00:00.000Z";"2024-07-23T23:59:59.999Z";"2024-07-23T00:19:00.000Z";"2024-07-23T17:13:00.000Z";"2790";164.3647085221;165.7178505987;157.5238706892;159.1957549146;2966593279.876389;73694726594.137;"2024-07-23T23:59:59.999Z"
"2024-07-22T00:00:00.000Z";"2024-07-22T23:59:59.999Z";"2024-07-22T00:10:00.000Z";"2024-07-22T08:55:00.000Z";"2790";169.3249882099;169.604372143;162.6345126725;164.3477055849;2576874634.0779376;76279480695.30215;"2024-07-22T23:59:59.999Z"
"2024-07-21T00:00:00.000Z";"2024-07-21T23:59:59.999Z";"2024-07-21T23:07:00.000Z";"2024-07-21T18:13:00.000Z";"2790";159.660015567;169.6129617828;157.1695093954;169.308806575;2828308602.9525;78677757627.75108;"2024-07-21T23:59:59.999Z"
"2024-07-20T00:00:00.000Z";"2024-07-20T23:59:59.999Z";"2024-07-20T22:12:00.000Z";"2024-07-20T13:19:00.000Z";"2790";155.3187746383;160.5208321158;153.8422457067;159.6582257725;1752084106.8783376;74130204376.80318;"2024-07-20T23:59:59.999Z"
"2024-07-19T00:00:00.000Z";"2024-07-19T23:59:59.999Z";"2024-07-19T16:04:00.000Z";"2024-07-19T01:22:00.000Z";"2790";145.9250604263;157.5169429585;143.7893915503;155.3217676688;3317648020.042055;72045127422.84816;"2024-07-19T23:59:59.999Z"
"2024-07-18T00:00:00.000Z";"2024-07-18T23:59:59.999Z";"2024-07-18T13:28:00.000Z";"2024-07-18T18:19:00.000Z";"2790";142.2287337337;147.9727981198;142.2287337337;145.9171324776;1868999851.75384;67510305145.51591;"2024-07-18T23:59:59.999Z"
"2024-07-17T00:00:00.000Z";"2024-07-17T23:59:59.999Z";"2024-07-17T01:19:00.000Z";"2024-07-17T16:48:00.000Z";"2790";147.2606267299;150.1280647636;141.9092811052;142.2163140399;2068771843.8692179;66232521294.98043;"2024-07-17T23:59:59.999Z"
"2024-07-16T00:00:00.000Z";"2024-07-16T23:59:59.999Z";"2024-07-16T19:31:00.000Z";"2024-07-16T08:35:00.000Z";"2790";146.618073552;149.0750414214;140.4388897421;147.2597868558;2784404985.8628225;68388508731.701416;"2024-07-16T23:59:59.999Z"
"2024-07-15T00:00:00.000Z";"2024-07-15T23:59:59.999Z";"2024-07-15T23:58:00.000Z";"2024-07-15T00:18:00.000Z";"2790";135.6480303434;146.7823468286;135.2164504769;146.7749230545;2370594295.2238827;68179655775.60501;"2024-07-15T23:59:59.999Z"
"2024-07-14T00:00:00.000Z";"2024-07-14T23:59:59.999Z";"2024-07-14T23:43:00.000Z";"2024-07-14T00:00:00.000Z";"2790";129.9635167818;136.4878576624;129.9635167818;135.6136852227;1839929045.9365475;62731055495.14046;"2024-07-14T23:59:59.999Z"
"2024-07-13T00:00:00.000Z";"2024-07-13T23:59:59.999Z";"2024-07-13T23:22:00.000Z";"2024-07-13T05:02:00.000Z";"2790";127.7538643453;131.2828545524;126.5206327426;129.9619749295;1036046611.5462539;60305544910.1512;"2024-07-13T23:59:59.999Z"
"2024-07-12T00:00:00.000Z";"2024-07-12T23:59:59.999Z";"2024-07-12T18:51:00.000Z";"2024-07-12T10:24:00.000Z";"2790";124.9568619768;128.7867936592;123.2206230155;127.755336996;1830402332.791756;59537497578.8143;"2024-07-12T23:59:59.999Z"
"2024-07-11T00:00:00.000Z";"2024-07-11T23:59:59.999Z";"2024-07-11T12:40:00.000Z";"2024-07-11T23:43:00.000Z";"2790";131.0711449762;134.1422946684;125.011209335;125.011209335;2111138826.8906064;58199190330.24029;"2024-07-11T23:59:59.999Z"
"2024-07-10T00:00:00.000Z";"2024-07-10T23:59:59.999Z";"2024-07-10T05:10:00.000Z";"2024-07-10T01:05:00.000Z";"2790";130.7278275907;134.7880811281;128.426015056;131.0796516267;1805254213.93172;60872011678.98833;"2024-07-10T23:59:59.999Z"
"2024-07-09T00:00:00.000Z";"2024-07-09T23:59:59.999Z";"2024-07-09T08:46:00.000Z";"2024-07-09T02:04:00.000Z";"2790";128.8291167693;133.0232795948;126.3349524821;130.6766456015;2233177670.8098187;60508057180.56522;"2024-07-09T23:59:59.999Z"
"2024-07-08T00:00:00.000Z";"2024-07-08T23:59:59.999Z";"2024-07-08T11:52:00.000Z";"2024-07-08T01:06:00.000Z";"2790";121.7019057277;130.7416032181;118.7967722875;128.7666987363;3409581154.542667;59695224115.71689;"2024-07-08T23:59:59.999Z"
"2024-07-07T00:00:00.000Z";"2024-07-07T23:59:59.999Z";"2024-07-07T00:00:00.000Z";"2024-07-07T23:59:00.000Z";"2790";132.0853376093;132.0853376093;121.713145356;121.713145356;1699659398.9646995;56347221238.80485;"2024-07-07T23:59:59.999Z"
"2024-07-06T00:00:00.000Z";"2024-07-06T23:59:59.999Z";"2024-07-06T21:07:00.000Z";"2024-07-06T02:22:00.000Z";"2790";123.8676422167;132.8430642509;122.2543387553;132.1352550256;1916173120.1939569;61139755817.65096;"2024-07-06T23:59:59.999Z"
"2024-07-05T00:00:00.000Z";"2024-07-05T23:59:59.999Z";"2024-07-05T18:58:00.000Z";"2024-07-05T04:20:00.000Z";"2790";118.0406905585;125.3872991891;113.1584884992;123.8732158183;4295951738.143043;57535329571.3847;"2024-07-05T23:59:59.999Z"
"2024-07-04T00:00:00.000Z";"2024-07-04T23:59:59.999Z";"2024-07-04T00:43:00.000Z";"2024-07-04T23:59:00.000Z";"2790";130.3987808088;132.0666662006;117.995480525;117.995480525;3006001324.457855;54712740800.47679;"2024-07-04T23:59:59.999Z"
"2024-07-03T00:00:00.000Z";"2024-07-03T23:59:59.999Z";"2024-07-03T00:25:00.000Z";"2024-07-03T21:22:00.000Z";"2790";143.0113009295;143.4195544758;129.3359917462;130.4276245556;2617577289.5125427;60592723630.84156;"2024-07-03T23:59:59.999Z"
"2024-07-02T00:00:00.000Z";"2024-07-02T23:59:59.999Z";"2024-07-02T23:22:00.000Z";"2024-07-02T00:20:00.000Z";"2790";136.5311063352;143.9579467129;136.0817720559;142.9904783327;1885853820.500377;66248719268.70347;"2024-07-02T23:59:59.999Z"
"2024-07-01T00:00:00.000Z";"2024-07-01T23:59:59.999Z";"2024-07-01T16:04:00.000Z";"2024-07-01T11:55:00.000Z";"2790";136.4456961434;138.7462743164;135.7099899565;136.5364444156;1690335005.4713886;63177489914.87657;"2024-07-01T23:59:59.999Z"
"2024-06-30T00:00:00.000Z";"2024-06-30T23:59:59.999Z";"2024-06-30T22:40:00.000Z";"2024-06-30T05:16:00.000Z";"2790";130.6068091794;137.1120478484;127.9363049895;136.4431123814;1462515831.5188313;63202522645.22018;"2024-06-30T23:59:59.999Z"
"2024-06-29T00:00:00.000Z";"2024-06-29T23:59:59.999Z";"2024-06-29T10:37:00.000Z";"2024-06-29T22:50:00.000Z";"2790";130.333113871;133.2290933311;130.285061598;130.6044076825;1062544848.840114;60401385065.19593;"2024-06-29T23:59:59.999Z"
"2024-06-28T00:00:00.000Z";"2024-06-28T23:59:59.999Z";"2024-06-28T01:40:00.000Z";"2024-06-28T21:13:00.000Z";"2790";139.5699577936;140.3912648328;129.9555417892;130.3182676583;2237604160.46175;60319375691.270256;"2024-06-28T23:59:59.999Z"
"2024-06-27T00:00:00.000Z";"2024-06-27T23:59:59.999Z";"2024-06-27T14:28:00.000Z";"2024-06-27T06:49:00.000Z";"2790";127.9166129488;140.7080237616;126.459484462;139.5492133202;2651388889.8769064;64699118239.19092;"2024-06-27T23:59:59.999Z"
"2024-06-26T00:00:00.000Z";"2024-06-26T23:59:59.999Z";"2024-06-26T02:19:00.000Z";"2024-06-26T17:22:00.000Z";"2790";127.5068380412;130.7791306154;126.2488210285;127.8919863872;1559381799.1505172;58962484694.47473;"2024-06-26T23:59:59.999Z"
"2024-06-25T00:00:00.000Z";"2024-06-25T23:59:59.999Z";"2024-06-25T15:36:00.000Z";"2024-06-25T01:37:00.000Z";"2790";123.2430229407;130.5163736219;122.3331503361;127.50860018;2345599343.020574;58816876021.93034;"2024-06-25T23:59:59.999Z"
"2024-06-24T00:00:00.000Z";"2024-06-24T23:59:59.999Z";"2024-06-24T23:53:00.000Z";"2024-06-24T05:46:00.000Z";"2790";120.3197639286;123.2854853327;115.6060953145;123.216975205;3200240391.6575933;57179382079.232834;"2024-06-24T23:59:59.999Z"
"2024-06-23T00:00:00.000Z";"2024-06-23T23:59:59.999Z";"2024-06-23T00:38:00.000Z";"2024-06-23T23:43:00.000Z";"2790";125.0035192899;126.2622081228;119.9892492362;120.3036739297;995006253.6805007;55578126357.932465;"2024-06-23T23:59:59.999Z"
"2024-06-22T00:00:00.000Z";"2024-06-22T23:59:59.999Z";"2024-06-22T06:20:00.000Z";"2024-06-22T00:54:00.000Z";"2790";125.8582987066;127.5505729286;124.5253725922;125.0130911816;887012037.4270171;57758756821.29777;"2024-06-22T23:59:59.999Z"
"2024-06-21T00:00:00.000Z";"2024-06-21T23:59:59.999Z";"2024-06-21T23:05:00.000Z";"2024-06-21T18:10:00.000Z";"2790";124.6696067307;126.476994693;120.5738465263;125.8776086415;2068644550.8025193;58079697397.54688;"2024-06-21T23:59:59.999Z"
"2024-06-20T00:00:00.000Z";"2024-06-20T23:59:59.999Z";"2024-06-20T11:22:00.000Z";"2024-06-20T16:10:00.000Z";"2790";126.1782227633;131.5099194079;123.384914153;124.678692608;2180922010.099979;57377598517.54604;"2024-06-20T23:59:59.999Z"
"2024-06-19T00:00:00.000Z";"2024-06-19T23:59:59.999Z";"2024-06-19T07:08:00.000Z";"2024-06-19T23:40:00.000Z";"2790";127.9946683128;132.0110208256;125.3548383652;126.1896139696;2086755895.6639526;58316447056.7117;"2024-06-19T23:59:59.999Z"
"2024-06-18T00:00:00.000Z";"2024-06-18T23:59:59.999Z";"2024-06-18T00:04:00.000Z";"2024-06-18T01:46:00.000Z";"2790";133.4390197661;133.7145903104;121.4146966145;128.0270887241;3767670860.1044846;59137431457.5898;"2024-06-18T23:59:59.999Z"
"2024-06-17T00:00:00.000Z";"2024-06-17T23:59:59.999Z";"2024-06-17T00:38:00.000Z";"2024-06-17T16:22:00.000Z";"2790";141.2167473088;141.5935164771;130.6745315094;133.4499424722;2097425758.6015947;61846428069.34534;"2024-06-17T23:59:59.999Z"
"2024-06-16T00:00:00.000Z";"2024-06-16T23:59:59.999Z";"2024-06-16T23:59:00.000Z";"2024-06-16T05:01:00.000Z";"2790";135.6826726113;141.1794826531;133.5940896077;141.1794826531;1071142532.8090599;65118593233.25166;"2024-06-16T23:59:59.999Z"
"2024-06-15T00:00:00.000Z";"2024-06-15T23:59:59.999Z";"2024-06-15T16:10:00.000Z";"2024-06-15T00:03:00.000Z";"2790";133.4321742573;135.7974353331;133.3851411493;135.6773013271;993502157.7364501;62611291766.42055;"2024-06-15T23:59:59.999Z"
"2024-06-14T00:00:00.000Z";"2024-06-14T23:59:59.999Z";"2024-06-14T12:27:00.000Z";"2024-06-14T18:25:00.000Z";"2790";137.1662768811;138.580004614;131.0005959909;133.4511662504;2170395975.4643974;61526210186.13917;"2024-06-14T23:59:59.999Z"
"2024-06-13T00:00:00.000Z";"2024-06-13T23:59:59.999Z";"2024-06-13T00:00:00.000Z";"2024-06-13T21:29:00.000Z";"2790";143.5228222818;143.5228222818;136.1066750297;137.1821318263;1928310821.5692644;62879058295.53316;"2024-06-13T23:59:59.999Z"
"2024-06-12T00:00:00.000Z";"2024-06-12T23:59:59.999Z";"2024-06-12T13:10:00.000Z";"2024-06-12T01:43:00.000Z";"2790";139.1265205714;149.2259743514;135.7724542003;143.4891311456;2657061448.87077;66687175547.10456;"2024-06-12T23:59:59.999Z"
"2024-06-11T00:00:00.000Z";"2024-06-11T23:59:59.999Z";"2024-06-11T00:25:00.000Z";"2024-06-11T17:24:00.000Z";"2790";147.6609272091;148.2060578389;135.8156570991;139.1272090442;2613141723.520693;63993115654.19165;"2024-06-11T23:59:59.999Z"
"2024-06-10T00:00:00.000Z";"2024-06-10T23:59:59.999Z";"2024-06-10T15:56:00.000Z";"2024-06-10T08:01:00.000Z";"2790";150.3714470661;151.5157852814;146.5634751645;147.6452523988;1684232476.3211982;67940887570.20281;"2024-06-10T23:59:59.999Z"
"2024-06-09T00:00:00.000Z";"2024-06-09T23:59:59.999Z";"2024-06-09T19:12:00.000Z";"2024-06-09T03:28:00.000Z";"2790";146.1638217057;150.7003757555;145.0581360176;150.3780822325;1365630052.963005;69107272625.54247;"2024-06-09T23:59:59.999Z"
"2024-06-08T00:00:00.000Z";"2024-06-08T23:59:59.999Z";"2024-06-08T07:31:00.000Z";"2024-06-08T22:30:00.000Z";"2790";150.3582401361;151.3977537105;145.7744906107;146.168630991;1593586622.488266;67320405393.80633;"2024-06-08T23:59:59.999Z"
"2024-06-07T00:00:00.000Z";"2024-06-07T23:59:59.999Z";"2024-06-07T12:07:00.000Z";"2024-06-07T18:16:00.000Z";"2790";156.0964688203;158.3366845456;144.2297762018;150.3677657953;3028473823.475658;68719346870.73082;"2024-06-07T23:59:59.999Z"
"2024-06-06T00:00:00.000Z";"2024-06-06T23:59:59.999Z";"2024-06-06T02:34:00.000Z";"2024-06-06T20:04:00.000Z";"2790";159.5385321161;160.0537246664;154.149537462;156.0941056426;1807462650.6012783;71907159118.80315;"2024-06-06T23:59:59.999Z"
"2024-06-05T00:00:00.000Z";"2024-06-05T23:59:59.999Z";"2024-06-05T16:14:00.000Z";"2024-06-05T00:50:00.000Z";"2790";157.8763440495;161.5522246369;157.4502446881;159.5381851503;2210893446.098823;73321147404.44772;"2024-06-05T23:59:59.999Z"
"2024-06-04T00:00:00.000Z";"2024-06-04T23:59:59.999Z";"2024-06-04T23:59:00.000Z";"2024-06-04T09:55:00.000Z";"2790";151.2041188134;157.9006870496;151.2041188134;157.8869957686;1886379853.051468;72423361990.33311;"2024-06-04T23:59:59.999Z"
"2024-06-03T00:00:00.000Z";"2024-06-03T23:59:59.999Z";"2024-06-03T20:16:00.000Z";"2024-06-03T00:41:00.000Z";"2790";150.4242417932;153.2480394294;149.1184211175;151.2084292097;2011018286.9400218;69874575039.66154;"2024-06-03T23:59:59.999Z"
"2024-06-02T00:00:00.000Z";"2024-06-02T23:59:59.999Z";"2024-06-02T01:35:00.000Z";"2024-06-02T18:06:00.000Z";"2790";152.9310405467;153.7470185869;148.8999356011;150.428259903;1439016949.2904768;69123729021.26366;"2024-06-02T23:59:59.999Z"
"2024-06-01T00:00:00.000Z";"2024-06-01T23:59:59.999Z";"2024-06-01T15:43:00.000Z";"2024-06-01T00:01:00.000Z";"2790";152.5559829929;154.503802352;152.50799499;152.9320175983;975242510.5418144;70295049802.58229;"2024-06-01T23:59:59.999Z"
"2024-05-31T00:00:00.000Z";"2024-05-31T23:59:59.999Z";"2024-05-31T12:40:00.000Z";"2024-05-31T16:22:00.000Z";"2790";154.1595858309;157.5164845502;151.180240629;152.5559752482;2230476704.436235;70256584562.92737;"2024-05-31T23:59:59.999Z"
"2024-05-30T00:00:00.000Z";"2024-05-30T23:59:59.999Z";"2024-05-30T17:43:00.000Z";"2024-05-30T08:16:00.000Z";"2790";155.6112642012;159.0262751402;151.4623401932;154.1582500186;2714906020.86907;71054834319.84856;"2024-05-30T23:59:59.999Z"
"2024-05-29T00:00:00.000Z";"2024-05-29T23:59:59.999Z";"2024-05-29T06:31:00.000Z";"2024-05-29T12:41:00.000Z";"2790";155.4200137425;160.0818992468;154.233938986;155.5966418783;2628715064.507174;71190040279.3994;"2024-05-29T23:59:59.999Z"
"2024-05-28T00:00:00.000Z";"2024-05-28T23:59:59.999Z";"2024-05-28T13:28:00.000Z";"2024-05-28T04:37:00.000Z";"2790";156.5287102591;159.0268029937;151.646688852;155.3926923063;3077500673.282055;71357256970.64742;"2024-05-28T23:59:59.999Z"
"2024-05-27T00:00:00.000Z";"2024-05-27T23:59:59.999Z";"2024-05-27T17:17:00.000Z";"2024-05-27T00:01:00.000Z";"2790";150.5745808718;158.3926787109;150.5603284652;156.5270102976;2530708593.8911486;70439372615.42842;"2024-05-27T23:59:59.999Z"
"2024-05-26T00:00:00.000Z";"2024-05-26T23:59:59.999Z";"2024-05-26T00:00:00.000Z";"2024-05-26T21:34:00.000Z";"2790";155.263458308;155.2649569256;148.6902896371;150.588465699;2344914341.6847234;67668521929.12939;"2024-05-26T23:59:59.999Z"
"2024-05-25T00:00:00.000Z";"2024-05-25T23:59:59.999Z";"2024-05-25T11:13:00.000Z";"2024-05-25T01:04:00.000Z";"2790";154.6017118929;157.0309023031;153.0502115621;155.263458308;1727743324.5434759;69744531238.24698;"2024-05-25T23:59:59.999Z"
"2024-05-24T00:00:00.000Z";"2024-05-24T23:59:59.999Z";"2024-05-24T00:01:00.000Z";"2024-05-24T08:28:00.000Z";"2790";162.7391522978;162.781416334;150.4944384974;154.6017118929;3711401750.603029;69715070543.63058;"2024-05-24T23:59:59.999Z"
"2024-05-23T00:00:00.000Z";"2024-05-23T23:59:59.999Z";"2024-05-23T21:46:00.000Z";"2024-05-23T20:10:00.000Z";"2790";163.3925098532;166.587120331;154.8706781661;162.7273612507;4727508029.872099;73047841205.44891;"2024-05-23T23:59:59.999Z"
"2024-05-22T00:00:00.000Z";"2024-05-22T23:59:59.999Z";"2024-05-22T16:13:00.000Z";"2024-05-22T04:47:00.000Z";"2790";164.0582488485;168.9308177445;161.656067266;163.3822210493;3531186811.486952;73167878340.48029;"2024-05-22T23:59:59.999Z"
"2024-05-21T00:00:00.000Z";"2024-05-21T23:59:59.999Z";"2024-05-21T00:28:00.000Z";"2024-05-21T19:44:00.000Z";"2790";171.7423253724;173.5751131522;160.9334171851;164.0679574989;4206476982.7799854;73662812730.25342;"2024-05-21T23:59:59.999Z"
"2024-05-20T00:00:00.000Z";"2024-05-20T23:59:59.999Z";"2024-05-20T20:01:00.000Z";"2024-05-20T01:38:00.000Z";"2790";156.4131182568;172.5999966738;154.5221423488;171.7585120883;4263981956.385855;77031666608.06924;"2024-05-20T23:59:59.999Z"
"2024-05-19T00:00:00.000Z";"2024-05-19T23:59:59.999Z";"2024-05-19T05:17:00.000Z";"2024-05-19T15:17:00.000Z";"2790";158.5894116397;161.0252714129;153.3314796094;156.4178808147;2114118946.0954542;70182768685.61906;"2024-05-19T23:59:59.999Z"
"2024-05-18T00:00:00.000Z";"2024-05-18T23:59:59.999Z";"2024-05-18T10:13:00.000Z";"2024-05-18T00:34:00.000Z";"2790";155.8240082806;161.56735249;155.2748203193;158.5893434424;2279177322.8667655;71193191870.2706;"2024-05-18T23:59:59.999Z"
"2024-05-17T00:00:00.000Z";"2024-05-17T23:59:59.999Z";"2024-05-17T16:23:00.000Z";"2024-05-17T00:00:00.000Z";"2790";146.4164125442;157.820451458;146.4164125442;155.8240082806;3102267673.5280104;70012446661.86726;"2024-05-17T23:59:59.999Z"
"2024-05-16T00:00:00.000Z";"2024-05-16T23:59:59.999Z";"2024-05-16T10:01:00.000Z";"2024-05-16T17:31:00.000Z";"2790";145.2661980498;151.1632655223;144.2232884132;146.42198162;3212516525.071022;65573935212.91247;"2024-05-16T23:59:59.999Z"
"2024-05-15T00:00:00.000Z";"2024-05-15T23:59:59.999Z";"2024-05-15T23:44:00.000Z";"2024-05-15T00:49:00.000Z";"2790";131.3394840718;145.6851692341;130.6939309816;145.2593210102;3315811683.555485;65629229240.91553;"2024-05-15T23:59:59.999Z"
"2024-05-14T00:00:00.000Z";"2024-05-14T23:59:59.999Z";"2024-05-14T05:26:00.000Z";"2024-05-14T16:10:00.000Z";"2790";136.454370042;137.9865212895;131.2025373724;131.3357912815;2396088359.2676497;59038352527.04683;"2024-05-14T23:59:59.999Z"
"2024-05-13T00:00:00.000Z";"2024-05-13T23:59:59.999Z";"2024-05-13T16:37:00.000Z";"2024-05-13T05:55:00.000Z";"2790";133.2519012894;139.4186993697;128.1203050003;136.4588434668;2373355668.8487577;61334266375.5578;"2024-05-13T23:59:59.999Z"
"2024-05-12T00:00:00.000Z";"2024-05-12T23:59:59.999Z";"2024-05-12T06:01:00.000Z";"2024-05-12T21:28:00.000Z";"2790";134.815408938;136.9094386563;132.6583615523;133.23970202;869014464.0390236;59723604311.62875;"2024-05-12T23:59:59.999Z"
"2024-05-11T00:00:00.000Z";"2024-05-11T23:59:59.999Z";"2024-05-11T01:22:00.000Z";"2024-05-11T11:19:00.000Z";"2790";135.6527906719;136.7748812882;132.9757102723;134.815408938;1153890459.1905165;60454235809.44108;"2024-05-11T23:59:59.999Z"
"2024-05-10T00:00:00.000Z";"2024-05-10T23:59:59.999Z";"2024-05-10T07:05:00.000Z";"2024-05-10T22:31:00.000Z";"2790";141.7620454261;144.2009822814;134.466972392;135.6527378962;2292257843.8529863;60786560498.61533;"2024-05-10T23:59:59.999Z"
"2024-05-09T00:00:00.000Z";"2024-05-09T23:59:59.999Z";"2024-05-09T22:49:00.000Z";"2024-05-09T11:05:00.000Z";"2790";132.4066732855;141.9496762396;131.1551301514;141.7600744985;2093520745.79753;63755513628.72675;"2024-05-09T23:59:59.999Z"
"2024-05-08T00:00:00.000Z";"2024-05-08T23:59:59.999Z";"2024-05-08T02:52:00.000Z";"2024-05-08T21:19:00.000Z";"2790";137.7649183929;139.4890742853;130.419910513;132.3981356015;2327080928.3076024;59298327459.14676;"2024-05-08T23:59:59.999Z"
"2024-05-07T00:00:00.000Z";"2024-05-07T23:59:59.999Z";"2024-05-07T09:22:00.000Z";"2024-05-07T23:58:00.000Z";"2790";141.8751940099;147.7910402525;137.7473763932;137.7945452571;2495352124.5029407;61630759806.87006;"2024-05-07T23:59:59.999Z"
"2024-05-06T00:00:00.000Z";"2024-05-06T23:59:59.999Z";"2024-05-06T10:13:00.000Z";"2024-05-06T03:17:00.000Z";"2790";135.4174914136;145.4225629034;135.2262843703;141.8712191907;2720117191.2956657;63540510616.19256;"2024-05-06T23:59:59.999Z"
"2024-05-05T00:00:00.000Z";"2024-05-05T23:59:59.999Z";"2024-05-05T15:01:00.000Z";"2024-05-05T01:44:00.000Z";"2790";135.7083265594;137.3055302395;133.2412642239;135.4208798113;1889612121.5848463;60545580458.55356;"2024-05-05T23:59:59.999Z"
"2024-05-04T00:00:00.000Z";"2024-05-04T23:59:59.999Z";"2024-05-04T11:02:00.000Z";"2024-05-04T02:09:00.000Z";"2790";133.5140515444;138.3091825385;132.3941585881;135.7083265594;2832556911.0101876;60705691921.135284;"2024-05-04T23:59:59.999Z"
"2024-05-03T00:00:00.000Z";"2024-05-03T23:59:59.999Z";"2024-05-03T20:52:00.000Z";"2024-05-03T11:10:00.000Z";"2790";128.4333156187;134.6661291385;126.6859968005;133.5143877054;2997980457.3010225;59935737106.2691;"2024-05-03T23:59:59.999Z"
"2024-05-02T00:00:00.000Z";"2024-05-02T23:59:59.999Z";"2024-05-02T22:10:00.000Z";"2024-05-02T05:34:00.000Z";"2790";125.6107284317;130.7437851072;119.6660792095;128.4324887318;3153684098.709836;57520178535.88839;"2024-05-02T23:59:59.999Z"
"2024-05-01T00:00:00.000Z";"2024-05-01T23:59:59.999Z";"2024-05-01T18:54:00.000Z";"2024-05-01T08:25:00.000Z";"2790";119.0329710584;125.9948851924;111.9391357894;125.6107284317;3878064467.6753955;56445909283.98359;"2024-05-01T23:59:59.999Z"
"2024-04-30T00:00:00.000Z";"2024-04-30T23:59:59.999Z";"2024-04-30T00:56:00.000Z";"2024-04-30T19:29:00.000Z";"2790";128.5668911322;130.3666232472;113.9291685293;119.0276661379;3179541004.6559043;53010607589.4093;"2024-04-30T23:59:59.999Z"
"2024-04-29T00:00:00.000Z";"2024-04-29T23:59:59.999Z";"2024-04-29T00:21:00.000Z";"2024-04-29T17:01:00.000Z";"2790";128.7542470422;129.5522740794;124.6527768444;128.5511352265;2302136758.185782;57553284536.28138;"2024-04-29T23:59:59.999Z"
"2024-04-28T00:00:00.000Z";"2024-04-28T23:59:59.999Z";"2024-04-28T03:14:00.000Z";"2024-04-28T23:42:00.000Z";"2790";132.0891181665;135.1038568731;128.2013067105;128.772226134;1831444709.4080884;57647513432.093834;"2024-04-28T23:59:59.999Z"
"2024-04-27T00:00:00.000Z";"2024-04-27T23:59:59.999Z";"2024-04-27T20:04:00.000Z";"2024-04-27T01:19:00.000Z";"2790";130.0709104216;133.5712432156;125.3250704442;132.0891181665;2219043200.2225914;59074433309.83752;"2024-04-27T23:59:59.999Z"
"2024-04-26T00:00:00.000Z";"2024-04-26T23:59:59.999Z";"2024-04-26T14:19:00.000Z";"2024-04-26T22:58:00.000Z";"2790";135.050769357;136.2623348124;129.8876823355;130.0709104216;2390259318.629319;57977059950.36521;"2024-04-26T23:59:59.999Z"
"2024-04-25T00:00:00.000Z";"2024-04-25T23:59:59.999Z";"2024-04-25T00:47:00.000Z";"2024-04-25T13:22:00.000Z";"2790";138.0844241611;139.4983787841;133.2001823592;135.0616287811;3434567388.298656;60550188175.12127;"2024-04-25T23:59:59.999Z"
"2024-04-24T00:00:00.000Z";"2024-04-24T23:59:59.999Z";"2024-04-24T12:11:00.000Z";"2024-04-24T23:04:00.000Z";"2790";144.5464018955;149.1128767829;136.2717279881;138.1118656238;3674210273.091163;61712728703.72721;"2024-04-24T23:59:59.999Z"
"2024-04-23T00:00:00.000Z";"2024-04-23T23:59:59.999Z";"2024-04-23T17:47:00.000Z";"2024-04-23T07:38:00.000Z";"2790";147.3829131847;149.3962535903;143.763727887;144.574557533;2581678291.6682262;64909754304.666664;"2024-04-23T23:59:59.999Z"
"2024-04-22T00:00:00.000Z";"2024-04-22T23:59:59.999Z";"2024-04-22T22:59:00.000Z";"2024-04-22T02:28:00.000Z";"2790";139.4267433195;148.6483056543;137.7850175875;147.3918639645;2776773697.8379445;65844296027.99524;"2024-04-22T23:59:59.999Z"
"2024-04-21T00:00:00.000Z";"2024-04-21T23:59:59.999Z";"2024-04-21T03:13:00.000Z";"2024-04-21T16:42:00.000Z";"2790";141.743518538;143.8895157708;137.9380173532;139.427932194;2074243804.0676215;62290915095.430756;"2024-04-21T23:59:59.999Z"
"2024-04-20T00:00:00.000Z";"2024-04-20T23:59:59.999Z";"2024-04-20T20:15:00.000Z";"2024-04-20T01:07:00.000Z";"2790";133.813275431;142.6486534355;131.3065954176;141.7430313348;2622172244.0053296;63332554252.44863;"2024-04-20T23:59:59.999Z"
"2024-04-19T00:00:00.000Z";"2024-04-19T23:59:59.999Z";"2024-04-19T16:07:00.000Z";"2024-04-19T02:49:00.000Z";"2790";133.4963577672;138.279976625;121.3414939694;133.8151860974;5503689041.440226;59899276823.27689;"2024-04-19T23:59:59.999Z"
"2024-04-18T00:00:00.000Z";"2024-04-18T23:59:59.999Z";"2024-04-18T23:19:00.000Z";"2024-04-18T08:24:00.000Z";"2790";123.5952813315;135.0633318272;119.9294118041;133.4895378121;3930503586.4775767;59502984604.27177;"2024-04-18T23:59:59.999Z"
"2024-04-17T00:00:00.000Z";"2024-04-17T23:59:59.999Z";"2024-04-17T04:59:00.000Z";"2024-04-17T16:08:00.000Z";"2790";128.3110037601;134.2185389159;119.822122753;123.5869594425;4602718095.8571;55461405273.38;"2024-04-17T23:59:59.999Z"
"2024-04-16T00:00:00.000Z";"2024-04-16T23:59:59.999Z";"2024-04-16T01:36:00.000Z";"2024-04-16T16:23:00.000Z";"2790";130.3328521806;132.214410042;119.3836548728;128.3120252667;4851772523.747389;57286017252.06644;"2024-04-16T23:59:59.999Z"
"2024-04-15T00:00:00.000Z";"2024-04-15T23:59:59.999Z";"2024-04-15T06:43:00.000Z";"2024-04-15T19:07:00.000Z";"2790";142.0890811826;146.2850223284;126.6564578281;130.3323248795;5352485870.395451;58091677145.992165;"2024-04-15T23:59:59.999Z"
"2024-04-14T00:00:00.000Z";"2024-04-14T23:59:59.999Z";"2024-04-14T23:22:00.000Z";"2024-04-14T03:16:00.000Z";"2790";130.7373380712;143.2361175009;123.1801897223;142.0449159551;6671871559.616307;63393723811.45714;"2024-04-14T23:59:59.999Z"
"2024-04-13T00:00:00.000Z";"2024-04-13T23:59:59.999Z";"2024-04-13T05:25:00.000Z";"2024-04-13T20:10:00.000Z";"2790";144.147553581;145.3761669643;112.4336316082;130.7373380712;8422476956.03221;58368174116.488174;"2024-04-13T23:59:59.999Z"
"2024-04-12T00:00:00.000Z";"2024-04-12T23:59:59.999Z";"2024-04-12T06:04:00.000Z";"2024-04-12T18:37:00.000Z";"2790";160.8946706304;164.1170090698;136.6975079836;144.1484814647;4407202267.420905;63877127711.265396;"2024-04-12T23:59:59.999Z"
"2024-04-11T00:00:00.000Z";"2024-04-11T23:59:59.999Z";"2024-04-11T18:43:00.000Z";"2024-04-11T11:59:00.000Z";"2790";161.4866588837;164.224716843;158.8024132;160.8774129939;2525440965.654156;71640970912.31673;"2024-04-11T23:59:59.999Z"
"2024-04-10T00:00:00.000Z";"2024-04-10T23:59:59.999Z";"2024-04-10T22:38:00.000Z";"2024-04-10T12:41:00.000Z";"2790";158.7769861408;163.2025598085;150.8922072652;161.4519714117;3079571719.853589;71184000385.03969;"2024-04-10T23:59:59.999Z"
"2024-04-09T00:00:00.000Z";"2024-04-09T23:59:59.999Z";"2024-04-09T00:19:00.000Z";"2024-04-09T15:13:00.000Z";"2790";166.4375527362;166.4722816385;156.0271712967;158.7843200464;2474924090.210145;70746361322.72906;"2024-04-09T23:59:59.999Z"
"2024-04-08T00:00:00.000Z";"2024-04-08T23:59:59.999Z";"2024-04-08T09:38:00.000Z";"2024-04-08T03:13:00.000Z";"2790";165.8921432161;170.2173354461;161.9715699336;166.4176249197;2534199723.4872494;74380956223.98619;"2024-04-08T23:59:59.999Z"
"2024-04-07T00:00:00.000Z";"2024-04-07T23:59:59.999Z";"2024-04-07T02:06:00.000Z";"2024-04-07T22:07:00.000Z";"2790";164.9957309597;168.3367414322;163.3693966287;165.8804101379;1710490107.7539232;73820823159.12282;"2024-04-07T23:59:59.999Z"
"2024-04-06T00:00:00.000Z";"2024-04-06T23:59:59.999Z";"2024-04-06T23:31:00.000Z";"2024-04-06T02:39:00.000Z";"2790";160.9252923278;165.7170608233;160.3468849132;164.9957309597;4309369395.65614;73409041420.48401;"2024-04-06T23:59:59.999Z"
"2024-04-05T00:00:00.000Z";"2024-04-05T23:59:59.999Z";"2024-04-05T01:01:00.000Z";"2024-04-05T12:39:00.000Z";"2790";169.7580238851;170.583186671;155.2267152469;160.9252923278;6827303080.282026;71646424431.78447;"2024-04-05T23:59:59.999Z"
"2024-04-04T00:00:00.000Z";"2024-04-04T23:59:59.999Z";"2024-04-04T18:05:00.000Z";"2024-04-04T04:26:00.000Z";"2790";170.9105472239;175.0155958171;166.4749363959;169.7403639057;3783790562.413627;75513670740.92998;"2024-04-04T23:59:59.999Z"
"2024-04-03T00:00:00.000Z";"2024-04-03T23:59:59.999Z";"2024-04-03T06:32:00.000Z";"2024-04-03T00:40:00.000Z";"2790";168.2482229142;177.9686276749;164.7606895704;170.9275900955;3863577730.5643325;76523031121.01541;"2024-04-03T23:59:59.999Z"
"2024-04-02T00:00:00.000Z";"2024-04-02T23:59:59.999Z";"2024-04-02T00:00:00.000Z";"2024-04-02T13:43:00.000Z";"2790";179.3355256487;179.3370235805;163.7091335371;168.2604730364;4240391134.839161;75052093629.11745;"2024-04-02T23:59:59.999Z"
"2024-04-01T00:00:00.000Z";"2024-04-01T23:59:59.999Z";"2024-04-01T01:32:00.000Z";"2024-04-01T15:56:00.000Z";"2790";187.9684378353;189.1607105667;174.682843811;179.3272452322;3587986235.01154;79343892669.38838;"2024-04-01T23:59:59.999Z"
"2024-03-31T00:00:00.000Z";"2024-03-31T23:59:59.999Z";"2024-03-31T23:58:00.000Z";"2024-03-31T03:20:00.000Z";"2790";179.9758556623;188.1195452158;179.6606025278;187.9780981111;2168669349.0852084;83510640195.196;"2024-03-31T23:59:59.999Z"
"2024-03-30T00:00:00.000Z";"2024-03-30T23:59:59.999Z";"2024-03-30T05:40:00.000Z";"2024-03-30T00:28:00.000Z";"2790";177.9870381316;184.9342742753;177.050862276;179.9848781868;2777113826.2813153;79982178779.07712;"2024-03-30T23:59:59.999Z"
"2024-03-29T00:00:00.000Z";"2024-03-29T23:59:59.999Z";"2024-03-29T23:25:00.000Z";"2024-03-29T10:07:00.000Z";"2790";175.7134555488;178.6740305575;170.3026118817;177.9871320634;2808694120.789804;79160623880.56186;"2024-03-29T23:59:59.999Z"
"2024-03-28T00:00:00.000Z";"2024-03-28T23:59:59.999Z";"2024-03-28T23:22:00.000Z";"2024-03-28T03:45:00.000Z";"2790";172.3573348527;176.899919524;167.2287644952;175.7212300357;2691711176.279695;77915797313.5319;"2024-03-28T23:59:59.999Z"
"2024-03-27T00:00:00.000Z";"2024-03-27T23:59:59.999Z";"2024-03-27T01:15:00.000Z";"2024-03-27T16:16:00.000Z";"2790";176.0347750841;177.7548100239;166.7279760663;172.3398168748;3549297976.6195207;76431968809.1578;"2024-03-27T23:59:59.999Z"
"2024-03-26T00:00:00.000Z";"2024-03-26T23:59:59.999Z";"2024-03-26T07:31:00.000Z";"2024-03-26T17:17:00.000Z";"2790";174.4621364326;180.9552918268;172.389666206;176.0434361858;3247974644.934975;78176741347.48692;"2024-03-26T23:59:59.999Z"
"2024-03-25T00:00:00.000Z";"2024-03-25T23:59:59.999Z";"2024-03-25T17:16:00.000Z";"2024-03-25T01:01:00.000Z";"2790";169.8439931977;179.4256927781;167.76590749;174.4613307576;3762357046.861827;77706186047.07736;"2024-03-25T23:59:59.999Z"
"2024-03-24T00:00:00.000Z";"2024-03-24T23:59:59.999Z";"2024-03-24T23:11:00.000Z";"2024-03-24T04:05:00.000Z";"2790";159.2302909203;172.671409909;158.1029193905;169.8450946384;2450861511.8399262;75094211105.51723;"2024-03-24T23:59:59.999Z"
"2024-03-23T00:00:00.000Z";"2024-03-23T23:59:59.999Z";"2024-03-23T14:38:00.000Z";"2024-03-23T03:38:00.000Z";"2790";160.5802574429;164.6659607791;157.4980783782;159.2343255289;2497231333.2793164;70708662878.07857;"2024-03-23T23:59:59.999Z"
"2024-03-22T00:00:00.000Z";"2024-03-22T23:59:59.999Z";"2024-03-22T00:22:00.000Z";"2024-03-22T14:28:00.000Z";"2790";165.0081683379;166.9044157066;155.1543901222;160.5802574429;3821353653.875016;71282901840.62035;"2024-03-22T23:59:59.999Z"
"2024-03-21T00:00:00.000Z";"2024-03-21T23:59:59.999Z";"2024-03-21T00:52:00.000Z";"2024-03-21T20:06:00.000Z";"2790";175.1301775178;178.6236626919;162.3710384943;164.9761019637;5132600986.28169;72754357753.57631;"2024-03-21T23:59:59.999Z"
"2024-03-20T00:00:00.000Z";"2024-03-20T23:59:59.999Z";"2024-03-20T22:17:00.000Z";"2024-03-20T05:28:00.000Z";"2790";156.4916502217;176.5804835266;150.2823734656;175.1470338843;7983952818.216934;78281417951.23099;"2024-03-20T23:59:59.999Z"
"2024-03-19T00:00:00.000Z";"2024-03-19T23:59:59.999Z";"2024-03-19T00:22:00.000Z";"2024-03-19T22:31:00.000Z";"2790";180.2496342713;182.3046694514;152.9359397473;156.4610472922;10722117364.819918;69404989648.3256;"2024-03-19T23:59:59.999Z"
"2024-03-18T00:00:00.000Z";"2024-03-18T23:59:59.999Z";"2024-03-18T10:16:00.000Z";"2024-03-18T01:08:00.000Z";"2790";185.7399606665;192.4470928967;178.9789237932;180.2676656045;10234907674.201624;79946613705.09265;"2024-03-18T23:59:59.999Z"
"2024-03-17T00:00:00.000Z";"2024-03-17T23:59:59.999Z";"2024-03-17T22:46:00.000Z";"2024-03-17T07:40:00.000Z";"2790";167.0116229339;187.644132922;164.4484465727;185.7186062216;9987087694.161686;82364587869.00227;"2024-03-17T23:59:59.999Z"
"2024-03-16T00:00:00.000Z";"2024-03-16T23:59:59.999Z";"2024-03-16T10:41:00.000Z";"2024-03-16T20:20:00.000Z";"2790";168.00991657;181.4976192956;162.9538122929;167.0116229339;10829963609.180674;74117887554.65279;"2024-03-16T23:59:59.999Z"
"2024-03-15T00:00:00.000Z";"2024-03-15T23:59:59.999Z";"2024-03-15T19:17:00.000Z";"2024-03-15T09:11:00.000Z";"2790";162.3342424029;173.0881709229;151.9838538662;168.0073343742;12949038985.923553;74575505128.99274;"2024-03-15T23:59:59.999Z"
"2024-03-14T00:00:00.000Z";"2024-03-14T23:59:59.999Z";"2024-03-14T23:47:00.000Z";"2024-03-14T19:45:00.000Z";"2790";149.5914286655;163.4584198554;147.2437440589;162.3430763906;7669456357.210068;71557677731.15591;"2024-03-14T23:59:59.999Z"
"2024-03-13T00:00:00.000Z";"2024-03-13T23:59:59.999Z";"2024-03-13T21:58:00.000Z";"2024-03-13T04:25:00.000Z";"2790";138.1886459109;152.022145995;136.3116048206;149.6124557613;5414859530.757188;66495906586.360054;"2024-03-13T23:59:59.999Z"
"2024-03-12T00:00:00.000Z";"2024-03-12T23:59:59.999Z";"2024-03-12T03:29:00.000Z";"2024-03-12T17:24:00.000Z";"2790";136.0955483517;141.674431269;130.8946350267;138.1928743434;5868011501.003194;61282482666.91107;"2024-03-12T23:59:59.999Z"
"2024-03-11T00:00:00.000Z";"2024-03-11T23:59:59.999Z";"2024-03-11T12:33:00.000Z";"2024-03-11T01:47:00.000Z";"2790";132.0629739062;137.1024776277;125.7703996865;136.1004415268;4919765740.865155;60291716948.72975;"2024-03-11T23:59:59.999Z"
"2024-03-10T00:00:00.000Z";"2024-03-10T23:59:59.999Z";"2024-03-10T07:57:00.000Z";"2024-03-10T22:46:00.000Z";"2790";132.1398683928;135.8540287194;128.7577486028;132.083409852;3113830444.286109;58532645759.227875;"2024-03-10T23:59:59.999Z"
"2024-03-09T00:00:00.000Z";"2024-03-09T23:59:59.999Z";"2024-03-09T07:10:00.000Z";"2024-03-09T17:23:00.000Z";"2790";132.7182808787;136.4748144285;131.8502306392;132.1397989952;2692246509.9858785;58570600499.99585;"2024-03-09T23:59:59.999Z"
"2024-03-08T00:00:00.000Z";"2024-03-08T23:59:59.999Z";"2024-03-08T14:57:00.000Z";"2024-03-08T16:16:00.000Z";"2790";131.4839432943;139.0578832607;130.1595910631;132.7180239282;4999607304.258763;58775477585.94457;"2024-03-08T23:59:59.999Z"
"2024-03-07T00:00:00.000Z";"2024-03-07T23:59:59.999Z";"2024-03-07T19:05:00.000Z";"2024-03-07T00:01:00.000Z";"2790";119.964432565;136.3739428146;119.9274885719;131.4738146088;6524975451.388198;58541847924.321304;"2024-03-07T23:59:59.999Z"
"2024-03-06T00:00:00.000Z";"2024-03-06T23:59:59.999Z";"2024-03-06T08:26:00.000Z";"2024-03-06T03:01:00.000Z";"2790";115.7761408441;124.0443812129;110.8712207397;119.9541039454;4740385787.171235;53283953269.865456;"2024-03-06T23:59:59.999Z"
"2024-03-05T00:00:00.000Z";"2024-03-05T23:59:59.999Z";"2024-03-05T15:49:00.000Z";"2024-03-05T19:58:00.000Z";"2790";122.6783950922;131.2672479971;100.9339412104;115.7978784335;8273455618.768655;51236638753.010284;"2024-03-05T23:59:59.999Z"
"2024-03-04T00:00:00.000Z";"2024-03-04T23:59:59.999Z";"2024-03-04T09:56:00.000Z";"2024-03-04T18:01:00.000Z";"2790";120.2966523588;124.2899206407;117.698636298;122.6959159517;4085814146.6747108;54339820313.91868;"2024-03-04T23:59:59.999Z"
"2024-03-03T00:00:00.000Z";"2024-03-03T23:59:59.999Z";"2024-03-03T22:40:00.000Z";"2024-03-03T08:23:00.000Z";"2790";119.6759923164;121.8270910655;115.8813430579;120.321484963;2651460044.0377693;53278413681.74944;"2024-03-03T23:59:59.999Z"
"2024-03-02T00:00:00.000Z";"2024-03-02T23:59:59.999Z";"2024-03-02T00:34:00.000Z";"2024-03-02T01:26:00.000Z";"2790";119.8501940946;121.2079625833;117.7281639992;119.5900458535;2528051496.237744;52957326172.039474;"2024-03-02T23:59:59.999Z"
"2024-03-01T00:00:00.000Z";"2024-03-01T23:59:59.999Z";"2024-03-01T05:01:00.000Z";"2024-03-01T00:00:00.000Z";"2790";116.2796592767;127.2502210006;116.2796592767;119.8576459448;4389827536.8812275;53275980696.431335;"2024-03-01T23:59:59.999Z"
"2024-02-29T00:00:00.000Z";"2024-02-29T23:59:59.999Z";"2024-02-29T14:34:00.000Z";"2024-02-29T00:30:00.000Z";"2790";109.0914407655;123.9792606807;108.5544038529;116.3522937549;6412441466.1359415;51329847596.24154;"2024-02-29T23:59:59.999Z"
"2024-02-28T00:00:00.000Z";"2024-02-28T23:59:59.999Z";"2024-02-28T23:59:00.000Z";"2024-02-28T03:20:00.000Z";"2790";99.9755306677;108.9172001347;99.1711273286;108.9172001347;4638650686.457365;48189507183.913956;"2024-02-28T23:59:59.999Z"
"2024-02-27T00:00:00.000Z";"2024-02-27T23:59:59.999Z";"2024-02-27T01:50:00.000Z";"2024-02-27T16:12:00.000Z";"2790";101.3029134694;103.4202062406;97.6332639982;99.9662240887;2510477473.509917;44184438356.62589;"2024-02-27T23:59:59.999Z"
"2024-02-26T00:00:00.000Z";"2024-02-26T23:59:59.999Z";"2024-02-26T22:46:00.000Z";"2024-02-26T12:23:00.000Z";"2790";95.6209363062;101.922023224;92.8542606141;101.3030055317;2157726017.4451632;44825798029.65715;"2024-02-26T23:59:59.999Z"
"2024-02-25T00:00:00.000Z";"2024-02-25T23:59:59.999Z";"2024-02-25T02:13:00.000Z";"2024-02-25T10:32:00.000Z";"2790";96.1300728583;96.3121817332;94.2923166257;95.6203044536;839754901.7491411;42124619317.10964;"2024-02-25T23:59:59.999Z"
"2024-02-24T00:00:00.000Z";"2024-02-24T23:59:59.999Z";"2024-02-24T22:14:00.000Z";"2024-02-24T01:55:00.000Z";"2790";92.2728818072;96.603393138;91.0089335863;96.1308622064;1000359970.9383203;42401664313.01305;"2024-02-24T23:59:59.999Z"
"2024-02-23T00:00:00.000Z";"2024-02-23T23:59:59.999Z";"2024-02-23T06:56:00.000Z";"2024-02-23T16:22:00.000Z";"2790";93.921933496;95.1871238737;91.4922428759;92.2731778739;1370184629.6184754;40715270193.46228;"2024-02-23T23:59:59.999Z"
"2024-02-22T00:00:00.000Z";"2024-02-22T23:59:59.999Z";"2024-02-22T10:35:00.000Z";"2024-02-22T23:58:00.000Z";"2790";97.1587046983;98.5827862964;93.9002995771;93.9256021408;1691987294.1349592;41436997542.36019;"2024-02-22T23:59:59.999Z"
"2024-02-21T00:00:00.000Z";"2024-02-21T23:59:59.999Z";"2024-02-21T00:00:00.000Z";"2024-02-21T18:31:00.000Z";"2790";100.3241416325;100.3241416325;92.8832267296;97.1635635552;2078459366.390848;42869830167.465004;"2024-02-21T23:59:59.999Z"
"2024-02-20T00:00:00.000Z";"2024-02-20T23:59:59.999Z";"2024-02-20T00:04:00.000Z";"2024-02-20T15:32:00.000Z";"2790";103.4658910936;103.9793950673;96.9044108828;100.3364448185;2465894339.5145707;44374843805.08847;"2024-02-20T23:59:59.999Z"
"2024-02-19T00:00:00.000Z";"2024-02-19T23:59:59.999Z";"2024-02-19T15:27:00.000Z";"2024-02-19T10:29:00.000Z";"2790";104.012765349;106.5665760676;103.0853309166;103.4719886485;1760442613.3250031;45557065799.30876;"2024-02-19T23:59:59.999Z"
"2024-02-18T00:00:00.000Z";"2024-02-18T23:59:59.999Z";"2024-02-18T17:38:00.000Z";"2024-02-18T02:58:00.000Z";"2790";101.1306894296;105.7830208933;99.8493504179;104.0213686423;1407009729.0040972;45873802968.76957;"2024-02-18T23:59:59.999Z"
"2024-02-17T00:00:00.000Z";"2024-02-17T23:59:59.999Z";"2024-02-17T00:52:00.000Z";"2024-02-17T14:38:00.000Z";"2790";102.481444906;103.0657852102;98.4746546837;101.1273613383;1271799599.3609273;44556628097.267334;"2024-02-17T23:59:59.999Z"
"2024-02-16T00:00:00.000Z";"2024-02-16T23:59:59.999Z";"2024-02-16T03:17:00.000Z";"2024-02-16T18:08:00.000Z";"2790";105.5048641703;106.1499205937;100.5289816683;102.4838696074;1783240754.7155623;45155451726.27492;"2024-02-16T23:59:59.999Z"
"2024-02-15T00:00:00.000Z";"2024-02-15T23:59:59.999Z";"2024-02-15T00:56:00.000Z";"2024-02-15T22:55:00.000Z";"2790";109.0120130267;110.2248574683;103.7681418497;105.518509013;2303037094.538104;46673768032.86021;"2024-02-15T23:59:59.999Z"
"2024-02-14T00:00:00.000Z";"2024-02-14T23:59:59.999Z";"2024-02-14T14:52:00.000Z";"2024-02-14T01:46:00.000Z";"2790";105.1237449607;110.3823087565;103.5437518371;109.0035722435;2232965962.9507527;47781902826.08789;"2024-02-14T23:59:59.999Z"
"2024-02-13T00:00:00.000Z";"2024-02-13T23:59:59.999Z";"2024-02-13T08:59:00.000Z";"2024-02-13T17:14:00.000Z";"2790";103.9482567008;106.6483002131;101.2383672385;105.1321835191;2515218574.3212395;45714680710.69566;"2024-02-13T23:59:59.999Z"
"2024-02-12T00:00:00.000Z";"2024-02-12T23:59:59.999Z";"2024-02-12T23:56:00.000Z";"2024-02-12T11:23:00.000Z";"2790";99.5485995813;104.0390877565;96.1839240182;103.9676845802;2454834855.134064;45356002658.08061;"2024-02-12T23:59:59.999Z"
"2024-02-11T00:00:00.000Z";"2024-02-11T23:59:59.999Z";"2024-02-11T12:35:00.000Z";"2024-02-11T23:46:00.000Z";"2790";101.1784372269;102.5138572651;99.4553780318;99.5638541921;1270688418.3475654;43589022822.51162;"2024-02-11T23:59:59.999Z"
"2024-02-10T00:00:00.000Z";"2024-02-10T23:59:59.999Z";"2024-02-10T04:02:00.000Z";"2024-02-10T00:00:00.000Z";"2790";99.154238373;102.6862504451;99.154238373;101.1921554867;1702951715.7361314;44222983017.09289;"2024-02-10T23:59:59.999Z"
"2024-02-09T00:00:00.000Z";"2024-02-09T23:59:59.999Z";"2024-02-09T22:02:00.000Z";"2024-02-09T00:00:00.000Z";"2790";95.3901052178;101.0560326162;95.3901052178;99.1539351874;2647393549.303513;43367805163.909355;"2024-02-09T23:59:59.999Z"
"2024-02-08T00:00:00.000Z";"2024-02-08T23:59:59.999Z";"2024-02-08T16:02:00.000Z";"2024-02-08T07:56:00.000Z";"2790";93.7304895303;97.375618346;93.2877881611;95.389898841;2123813362.1589718;41673193891.663246;"2024-02-08T23:59:59.999Z"
"2024-02-07T00:00:00.000Z";"2024-02-07T23:59:59.999Z";"2024-02-07T23:23:00.000Z";"2024-02-07T10:56:00.000Z";"2790";90.0508554013;93.9450343514;87.9912055457;93.7194724233;1611705132.114444;41012731000.37981;"2024-02-07T23:59:59.999Z"
"2024-02-06T00:00:00.000Z";"2024-02-06T23:59:59.999Z";"2024-02-06T20:43:00.000Z";"2024-02-06T11:04:00.000Z";"2790";88.9423589059;90.9369266518;86.9207650765;90.0405067297;1582442529.7475033;39329700163.887405;"2024-02-06T23:59:59.999Z"
"2024-02-05T00:00:00.000Z";"2024-02-05T23:59:59.999Z";"2024-02-05T13:49:00.000Z";"2024-02-05T22:34:00.000Z";"2790";88.5719364826;91.7145460514;87.8027475054;88.9469134477;1517145238.1368158;38667080949.39127;"2024-02-05T23:59:59.999Z"
"2024-02-04T00:00:00.000Z";"2024-02-04T23:59:59.999Z";"2024-02-04T03:31:00.000Z";"2024-02-04T22:43:00.000Z";"2790";90.6464594314;91.1766516635;88.3290751757;88.570442837;1207668033.723428;38557482625.491295;"2024-02-04T23:59:59.999Z"
"2024-02-03T00:00:00.000Z";"2024-02-03T23:59:59.999Z";"2024-02-03T00:32:00.000Z";"2024-02-03T15:11:00.000Z";"2790";93.0227720761;93.5856697278;89.6532887557;90.641758175;1249538544.2034395;39528189190.511856;"2024-02-03T23:59:59.999Z"
"2024-02-02T00:00:00.000Z";"2024-02-02T23:59:59.999Z";"2024-02-02T12:17:00.000Z";"2024-02-02T00:08:00.000Z";"2790";89.9680993834;94.1530493189;89.71055616;93.0129481639;2367072914.523618;40268415326.41293;"2024-02-02T23:59:59.999Z"
"2024-02-01T00:00:00.000Z";"2024-02-01T23:59:59.999Z";"2024-02-01T22:01:00.000Z";"2024-02-01T04:37:00.000Z";"2790";89.7702935378;90.093079976;86.3959229196;89.9791375414;2730719606.64286;39469313965.97123;"2024-02-01T23:59:59.999Z"
"2024-01-31T00:00:00.000Z";"2024-01-31T23:59:59.999Z";"2024-01-31T18:01:00.000Z";"2024-01-31T21:31:00.000Z";"2790";93.5583276881;94.5082993001;88.8650724918;89.7536900154;3517770190.821145;38991373103.291016;"2024-01-31T23:59:59.999Z"
"2024-01-30T00:00:00.000Z";"2024-01-30T23:59:59.999Z";"2024-01-30T11:59:00.000Z";"2024-01-30T01:02:00.000Z";"2790";93.7412600105;97.9160636183;93.2610787351;93.5794968032;3071671418.4237156;40786122352.444626;"2024-01-30T23:59:59.999Z"
"2024-01-29T00:00:00.000Z";"2024-01-29T23:59:59.999Z";"2024-01-29T23:46:00.000Z";"2024-01-29T00:57:00.000Z";"2790";88.4764056663;93.930385464;87.7768563443;93.7321190105;2402295210.3541617;40780475571.91727;"2024-01-29T23:59:59.999Z"
"2024-01-28T00:00:00.000Z";"2024-01-28T23:59:59.999Z";"2024-01-28T10:53:00.000Z";"2024-01-28T00:50:00.000Z";"2790";86.695095529;91.4775679961;86.1026879623;88.4791878678;2232805355.2529016;38272372859.64634;"2024-01-28T23:59:59.999Z"
"2024-01-27T00:00:00.000Z";"2024-01-27T23:59:59.999Z";"2024-01-27T23:17:00.000Z";"2024-01-27T09:02:00.000Z";"2790";85.0434588342;86.9304854974;83.6232383382;86.6778988261;1156695570.748807;37564763838.13092;"2024-01-27T23:59:59.999Z"
"2024-01-26T00:00:00.000Z";"2024-01-26T23:59:59.999Z";"2024-01-26T20:18:00.000Z";"2024-01-26T01:14:00.000Z";"2790";80.1014725963;86.1371949159;79.4588860212;85.0938487344;1868927977.7628267;36922810650.14753;"2024-01-26T23:59:59.999Z"
"2024-01-25T00:00:00.000Z";"2024-01-25T23:59:59.999Z";"2024-01-25T01:02:00.000Z";"2024-01-25T17:20:00.000Z";"2790";81.5470184884;82.1716228531;78.6833871095;80.0858732276;1538434569.6910048;34594830377.18535;"2024-01-25T23:59:59.999Z"
"2024-01-24T00:00:00.000Z";"2024-01-24T23:59:59.999Z";"2024-01-24T23:52:00.000Z";"2024-01-24T04:16:00.000Z";"2790";77.6324482002;82.0315895382;76.8154268513;81.5416971053;2166740208.44501;35399839963.78543;"2024-01-24T23:59:59.999Z"
"2024-01-23T00:00:00.000Z";"2024-01-23T23:59:59.999Z";"2024-01-23T04:32:00.000Z";"2024-01-23T14:23:00.000Z";"2790";76.8731392572;78.7902152204;72.7362983857;77.622634235;2749093163.3857446;33557074146.484398;"2024-01-23T23:59:59.999Z"
"2024-01-22T00:00:00.000Z";"2024-01-22T23:59:59.999Z";"2024-01-22T01:07:00.000Z";"2024-01-22T19:43:00.000Z";"2790";83.4614993639;84.0544591168;75.943824243;76.8675096139;2444328667.548544;33246196125.737797;"2024-01-22T23:59:59.999Z"
"2024-01-21T00:00:00.000Z";"2024-01-21T23:59:59.999Z";"2024-01-21T10:32:00.000Z";"2024-01-21T23:59:00.000Z";"2790";84.9092260186;85.940228181;83.4119439342;83.4119439342;820726000.2398657;36076634548.09191;"2024-01-21T23:59:59.999Z"
"2024-01-20T00:00:00.000Z";"2024-01-20T23:59:59.999Z";"2024-01-20T01:35:00.000Z";"2024-01-20T15:05:00.000Z";"2790";85.6467862897;86.2259127388;82.9872979402;84.8911677396;1104534953.4099483;36750161868.81527;"2024-01-20T23:59:59.999Z"
"2024-01-19T00:00:00.000Z";"2024-01-19T23:59:59.999Z";"2024-01-19T07:06:00.000Z";"2024-01-19T16:46:00.000Z";"2790";86.6441719062;87.4555304741;80.3585526322;85.6397875744;2418727089.937721;37165271189.30501;"2024-01-19T23:59:59.999Z"